,playerId,shirtNo,name,position,height,weight,age,isFirstEleven,isManOfTheMatch,field,stats,subbedInPlayerId,subbedOutPeriod,subbedOutExpandedMinute,subbedInPeriod,subbedInExpandedMinute,subbedOutPlayerId,teamId
0,422660,13,Diego Conde,GK,188,78,26,True,False,home,"{'totalSaves': {'12': 1.0, '41': 1.0}, 'parriedSafe': {'12': 1.0, '41': 1.0}, 'possession': {'14': 1.0, '16': 1.0, '17': 1.0, '20': 1.0, '21': 1.0, '39': 1.0, '41': 1.0, '42': 2.0, '44': 1.0, '48': 1.0, '51': 1.0, '55': 1.0, '58': 1.0, '62': 1.0, '69': 1.0, '74': 1.0, '77': 1.0, '85': 1.0, '86': 1.0, '92': 1.0, '97': 2.0, '100': 1.0}, 'ratings': {'0': 6.0, '12': 6.37, '14': 6.35, '15': 6.45, '16': 6.44, '17': 6.75, '19': 6.49, '20': 6.48, '21': 6.49, '36': 6.54, '39': 6.54, '41': 6.75, '42': 6.75, '44': 6.76, '48': 6.74, '49': 6.48, '51': 6.46, '55': 6.45, '58': 6.45, '62': 6.46, '69': 6.46, '74': 6.46, '77': 6.47, '85': 6.47, '86': 6.47, '92': 6.47, '97': 6.49, '100': 6.49}, 'clearances': {'15': 1.0}, 'touches': {'12': 1.0, '14': 1.0, '15': 1.0, '16': 1.0, '17': 1.0, '20': 1.0, '21': 1.0, '39': 1.0, '41': 2.0, '42': 2.0, '44': 1.0, '48': 1.0, '51': 1.0, '55': 1.0, '58': 1.0, '62': 1.0, '69': 1.0, '74': 1.0, '77': 1.0, '85': 1.0, '86': 1.0, '92': 1.0, '97': 2.0, '100': 1.0}, 'passesTotal': {'17': 1.0, '21': 1.0, '41': 1.0, '42': 2.0, '44': 1.0, '62': 1.0, '69': 1.0, '74': 1.0, '77': 1.0, '85': 1.0, '86': 1.0, '92': 1.0, '97': 1.0, '100': 1.0, '14': 1.0, '16': 1.0, '20': 1.0, '48': 1.0, '51': 1.0, '55': 1.0}, 'passesAccurate': {'17': 1.0, '21': 1.0, '41': 1.0, '42': 2.0, '44': 1.0, '62': 1.0, '69': 1.0, '74': 1.0, '77': 1.0, '85': 1.0, '86': 1.0, '92': 1.0, '97': 1.0, '100': 1.0}, 'passesKey': {'17': 1.0}, 'passSuccess': {'17': 100.0, '21': 100.0, '41': 100.0, '42': 100.0, '44': 100.0, '62': 100.0, '69': 100.0, '74': 100.0, '77': 100.0, '85': 100.0, '86': 100.0, '92': 100.0, '97': 100.0, '100': 100.0, '14': 0.0, '16': 0.0, '20': 0.0, '48': 0.0, '51': 0.0, '55': 0.0}}",,,,,,,839
1,75919,17,Kiko Femenía,DR,176,61,34,True,False,home,"{'possession': {'0': 2.0, '2': 1.0, '5': 1.0, '6': 1.0, '7': 1.0, '9': 1.0, '10': 1.0, '11': 3.0, '22': 1.0, '23': 1.0, '24': 3.0, '25': 2.0, '27': 1.0, '28': 2.0, '29': 1.0, '33': 3.0, '34': 1.0, '39': 2.0, '40': 1.0, '42': 1.0, '44': 1.0, '45': 2.0, '47': 1.0, '48': 1.0, '51': 2.0, '53': 3.0, '54': 2.0, '55': 1.0, '58': 2.0, '60': 1.0, '62': 1.0, '66': 3.0, '72': 2.0, '74': 2.0, '85': 2.0, '86': 3.0, '88': 2.0, '91': 1.0, '92': 2.0, '93': 2.0, '100': 2.0}, 'ratings': {'0': 6.01, '2': 6.02, '5': 6.12, '6': 6.13, '7': 6.13, '9': 6.13, '10': 6.14, '11': 6.15, '17': 6.23, '19': 6.06, '22': 6.07, '23': 6.07, '24': 6.24, '25': 6.25, '27': 6.23, '28': 6.25, '29': 6.39, '33': 6.39, '34': 6.38, '36': 6.46, '39': 6.46, '40': 6.47, '42': 6.47, '44': 6.48, '45': 6.49, '47': 6.49, '48': 6.5, '49': 6.33, '51': 6.46, '52': 6.56, '53': 6.57, '54': 6.74, '55': 6.74, '58': 6.74, '60': 6.74, '62': 6.74, '66': 6.79, '70': 6.84, '72': 6.85, '74': 6.86, '85': 6.89, '86': 6.89, '88': 6.9, '89': 6.98, '91': 6.98, '92': 6.99, '93': 7.0, '96': 6.96, '100': 6.96}, 'clearances': {'66': 1.0, '70': 1.0}, 'interceptions': {'5': 1.0, '52': 1.0}, 'touches': {'0': 2.0, '2': 3.0, '5': 2.0, '6': 1.0, '7': 2.0, '9': 1.0, '10': 1.0, '11': 3.0, '17': 1.0, '22': 1.0, '23': 1.0, '24': 6.0, '25': 2.0, '27': 1.0, '28': 2.0, '29': 2.0, '32': 1.0, '33': 3.0, '34': 2.0, '39': 2.0, '40': 1.0, '41': 1.0, '42': 1.0, '44': 1.0, '45': 2.0, '47': 1.0, '48': 1.0, '51': 3.0, '52': 1.0, '53': 3.0, '54': 3.0, '55': 1.0, '58': 2.0, '60': 1.0, '62': 1.0, '66': 4.0, '70': 1.0, '72': 2.0, '74': 2.0, '85': 4.0, '86': 3.0, '88': 2.0, '89': 1.0, '91': 1.0, '92': 2.0, '93': 2.0, '100': 3.0}, 'passesTotal': {'0': 2.0, '2': 1.0, '5': 1.0, '6': 1.0, '7': 1.0, '9': 1.0, '10': 1.0, '11': 3.0, '22': 1.0, '23': 1.0, '24': 3.0, '25': 2.0, '28': 2.0, '29': 1.0, '33': 3.0, '39': 2.0, '40': 1.0, '42': 1.0, '44': 1.0, '45': 2.0, '47': 1.0, '48': 1.0, '51': 2.0, '53': 3.0, '54': 2.0, '55': 1.0, '58': 1.0, '60': 1.0, '62': 1.0, '66': 3.0, '72': 2.0, '74': 2.0, '85': 2.0, '86': 3.0, '88': 2.0, '91': 1.0, '92': 2.0, '93': 2.0, '100': 2.0, '27': 1.0, '34': 1.0}, 'passesAccurate': {'0': 2.0, '2': 1.0, '5': 1.0, '6': 1.0, '7': 1.0, '9': 1.0, '10': 1.0, '11': 3.0, '22': 1.0, '23': 1.0, '24': 3.0, '25': 2.0, '28': 2.0, '29': 1.0, '33': 2.0, '39': 2.0, '40': 1.0, '42': 1.0, '44': 1.0, '45': 2.0, '47': 1.0, '48': 1.0, '51': 2.0, '53': 3.0, '54': 2.0, '55': 1.0, '58': 1.0, '60': 1.0, '62': 1.0, '66': 3.0, '72': 2.0, '74': 2.0, '85': 2.0, '86': 3.0, '88': 2.0, '91': 1.0, '92': 2.0, '93': 2.0, '100': 1.0}, 'passSuccess': {'0': 100.0, '2': 100.0, '5': 100.0, '6': 100.0, '7': 100.0, '9': 100.0, '10': 100.0, '11': 100.0, '22': 100.0, '23': 100.0, '24': 100.0, '25': 100.0, '28': 100.0, '29': 100.0, '33': 66.67, '39': 100.0, '40': 100.0, '42': 100.0, '44': 100.0, '45': 100.0, '47': 100.0, '48': 100.0, '51': 100.0, '53': 100.0, '54': 100.0, '55': 100.0, '58': 100.0, '60': 100.0, '62': 100.0, '66': 100.0, '72': 100.0, '74': 100.0, '85': 100.0, '86': 100.0, '88': 100.0, '91': 100.0, '92': 100.0, '93': 100.0, '100': 50.0, '27': 0.0, '34': 0.0}, 'aerialsTotal': {'51': 1.0}, 'aerialsWon': {'51': 1.0}, 'defensiveAerials': {'51': 1.0}, 'throwInsTotal': {'7': 1.0, '17': 1.0, '32': 1.0, '34': 1.0, '41': 1.0, '100': 1.0}, 'throwInsAccurate': {'7': 1.0, '17': 1.0, '32': 1.0, '34': 1.0, '41': 1.0, '100': 1.0}, 'tacklesTotal': {'24': 1.0, '29': 1.0, '89': 1.0, '96': 1.0}, 'tackleSuccessful': {'24': 1.0, '29': 1.0, '89': 1.0}, 'tackleUnsuccesful': {'96': 1.0}, 'tackleSuccess': {'24': 100.0, '29': 100.0, '89': 100.0, '96': 0.0}, 'dribbledPast': {'96': 1.0}, 'dribblesWon': {'54': 1.0}, 'dribblesAttempted': {'54': 1.0, '85': 1.0}, 'dribblesLost': {'85': 1.0}, 'dribbleSuccess': {'54': 100.0, '85': 0.0}}",,,,,,,839
2,12575,3,Raúl Albiol,DC,190,82,39,True,False,home,"{'possession': {'0': 2.0, '5': 1.0, '7': 1.0, '10': 1.0, '11': 2.0, '17': 1.0, '22': 1.0, '23': 3.0, '24': 2.0, '25': 1.0, '28': 2.0, '32': 1.0, '33': 3.0, '39': 1.0, '41': 1.0, '42': 4.0, '44': 2.0, '45': 1.0, '47': 1.0, '48': 4.0, '53': 2.0, '54': 2.0, '55': 2.0, '60': 1.0, '66': 1.0, '69': 1.0, '72': 2.0, '74': 2.0, '85': 3.0, '86': 2.0, '91': 1.0, '92': 3.0, '97': 1.0, '98': 1.0, '100': 1.0}, 'ratings': {'0': 5.99, '1': 6.04, '3': 6.14, '4': 6.19, '5': 6.19, '7': 6.2, '8': 6.18, '9': 6.23, '10': 6.22, '11': 6.22, '17': 6.29, '19': 6.09, '22': 6.09, '23': 6.1, '24': 6.1, '25': 6.1, '28': 6.11, '32': 6.11, '33': 6.11, '34': 6.16, '35': 6.21, '36': 6.28, '39': 6.42, '41': 6.4, '42': 6.41, '44': 6.41, '45': 6.41, '47': 6.41, '48': 6.41, '49': 6.21, '53': 6.21, '54': 6.22, '55': 6.22, '60': 6.22, '66': 6.22, '69': 6.23, '72': 6.33, '74': 6.34, '75': 6.39, '79': 6.44, '80': 6.41, '85': 6.41, '86': 6.42, '91': 6.42, '92': 6.43, '97': 6.43, '98': 6.42, '100': 6.47}, 'clearances': {'1': 1.0, '4': 1.0, '9': 1.0, '34': 1.0, '35': 1.0, '39': 1.0, '75': 1.0, '79': 1.0, '100': 1.0}, 'interceptions': {'72': 1.0}, 'touches': {'0': 2.0, '1': 1.0, '3': 2.0, '4': 1.0, '5': 1.0, '7': 1.0, '9': 1.0, '10': 1.0, '11': 2.0, '17': 1.0, '22': 1.0, '23': 3.0, '24': 2.0, '25': 1.0, '28': 2.0, '32': 1.0, '33': 3.0, '34': 1.0, '35': 1.0, '39': 2.0, '41': 1.0, '42': 4.0, '44': 2.0, '45': 1.0, '47': 1.0, '48': 4.0, '53': 2.0, '54': 2.0, '55': 2.0, '60': 1.0, '66': 1.0, '69': 1.0, '72': 3.0, '74': 2.0, '75': 1.0, '79': 1.0, '85': 3.0, '86': 2.0, '91': 1.0, '92': 3.0, '97': 1.0, '98': 1.0, '100': 2.0}, 'passesTotal': {'0': 2.0, '5': 1.0, '7': 1.0, '11': 2.0, '17': 1.0, '22': 1.0, '23': 3.0, '24': 2.0, '25': 1.0, '28': 2.0, '32': 1.0, '33': 3.0, '39': 1.0, '42': 4.0, '44': 2.0, '45': 1.0, '47': 1.0, '48': 4.0, '53': 2.0, '54': 2.0, '55': 2.0, '60': 1.0, '66': 1.0, '69': 1.0, '72': 2.0, '74': 2.0, '85': 3.0, '86': 2.0, '91': 1.0, '92': 3.0, '97': 1.0, '100': 1.0, '10': 1.0, '41': 1.0, '98': 1.0}, 'passesAccurate': {'0': 1.0, '5': 1.0, '7': 1.0, '11': 2.0, '17': 1.0, '22': 1.0, '23': 3.0, '24': 2.0, '25': 1.0, '28': 2.0, '32': 1.0, '33': 3.0, '39': 1.0, '42': 4.0, '44': 2.0, '45': 1.0, '47': 1.0, '48': 3.0, '53': 2.0, '54': 2.0, '55': 2.0, '60': 1.0, '66': 1.0, '69': 1.0, '72': 2.0, '74': 2.0, '85': 3.0, '86': 2.0, '91': 1.0, '92': 3.0, '97': 1.0, '100': 1.0}, 'passSuccess': {'0': 50.0, '5': 100.0, '7': 100.0, '11': 100.0, '17': 100.0, '22': 100.0, '23': 100.0, '24': 100.0, '25': 100.0, '28': 100.0, '32': 100.0, '33': 100.0, '39': 100.0, '42': 100.0, '44': 100.0, '45': 100.0, '47': 100.0, '48': 75.0, '53': 100.0, '54': 100.0, '55': 100.0, '60': 100.0, '66': 100.0, '69': 100.0, '72': 100.0, '74': 100.0, '85': 100.0, '86': 100.0, '91': 100.0, '92': 100.0, '97': 100.0, '100': 100.0, '10': 0.0, '41': 0.0, '98': 0.0}, 'aerialsTotal': {'39': 1.0}, 'aerialsWon': {'39': 1.0}, 'defensiveAerials': {'39': 1.0}, 'foulsCommited': {'8': 1.0}, 'tacklesTotal': {'3': 1.0, '80': 1.0}, 'tackleSuccessful': {'3': 1.0}, 'tackleUnsuccesful': {'80': 1.0}, 'tackleSuccess': {'3': 100.0, '80': 0.0}, 'dribbledPast': {'80': 1.0}, 'dispossessed': {'3': 1.0}}",,,,,,,839
3,243814,4,Eric Bailly,DC,187,77,30,True,False,home,"{'possession': {'0': 3.0, '6': 2.0, '7': 2.0, '9': 2.0, '11': 2.0, '15': 1.0, '16': 1.0, '20': 1.0, '22': 1.0, '23': 1.0, '24': 1.0, '25': 2.0, '28': 3.0, '33': 4.0, '39': 1.0, '42': 4.0, '44': 3.0, '48': 2.0, '51': 1.0, '53': 2.0, '54': 2.0, '55': 1.0, '57': 1.0, '60': 1.0, '69': 1.0, '71': 1.0, '72': 2.0, '77': 2.0, '85': 1.0, '90': 1.0, '92': 1.0, '98': 1.0}, 'ratings': {'0': 6.0, '5': 6.08, '6': 6.09, '7': 6.1, '9': 6.09, '11': 6.1, '15': 6.13, '16': 6.13, '17': 6.2, '19': 6.0, '20': 6.0, '22': 6.0, '23': 6.01, '24': 6.01, '25': 6.01, '28': 6.02, '33': 6.04, '36': 6.1, '38': 6.16, '39': 6.16, '41': 6.26, '42': 6.26, '44': 6.28, '48': 6.28, '49': 6.08, '51': 6.08, '53': 6.26, '54': 6.26, '55': 6.27, '56': 6.32, '57': 6.31, '60': 6.31, '69': 6.31, '71': 6.35, '72': 6.52, '77': 6.52, '80': 6.6, '81': 6.59, '85': 6.59, '90': 6.59, '92': 6.59, '98': 6.69}, 'clearances': {'15': 1.0, '38': 1.0, '56': 1.0}, 'interceptions': {'41': 1.0, '98': 1.0}, 'touches': {'0': 3.0, '1': 1.0, '5': 2.0, '6': 2.0, '7': 2.0, '9': 2.0, '11': 2.0, '15': 2.0, '16': 1.0, '20': 1.0, '22': 1.0, '23': 1.0, '24': 1.0, '25': 2.0, '28': 3.0, '33': 4.0, '38': 1.0, '39': 1.0, '41': 1.0, '42': 4.0, '44': 3.0, '48': 2.0, '51': 1.0, '53': 3.0, '54': 3.0, '55': 1.0, '56': 1.0, '57': 1.0, '60': 1.0, '62': 1.0, '69': 1.0, '71': 2.0, '72': 3.0, '77': 2.0, '80': 1.0, '85': 1.0, '90': 1.0, '92': 1.0, '98': 2.0}, 'passesTotal': {'0': 3.0, '6': 2.0, '7': 2.0, '9': 2.0, '11': 2.0, '16': 1.0, '20': 1.0, '22': 1.0, '23': 1.0, '24': 1.0, '25': 2.0, '28': 3.0, '33': 4.0, '39': 1.0, '42': 4.0, '44': 3.0, '48': 2.0, '51': 1.0, '53': 2.0, '54': 2.0, '55': 1.0, '60': 1.0, '69': 1.0, '72': 2.0, '77': 2.0, '85': 1.0, '90': 1.0, '92': 1.0, '98': 1.0, '15': 1.0, '57': 1.0, '71': 1.0}, 'passesAccurate': {'0': 2.0, '6': 2.0, '7': 2.0, '9': 1.0, '11': 2.0, '16': 1.0, '20': 1.0, '22': 1.0, '23': 1.0, '24': 1.0, '25': 2.0, '28': 3.0, '33': 4.0, '39': 1.0, '42': 4.0, '44': 3.0, '48': 2.0, '51': 1.0, '53': 2.0, '54': 2.0, '55': 1.0, '60': 1.0, '69': 1.0, '72': 2.0, '77': 2.0, '85': 1.0, '90': 1.0, '92': 1.0, '98': 1.0}, 'passSuccess': {'0': 66.67, '6': 100.0, '7': 100.0, '9': 50.0, '11': 100.0, '16': 100.0, '20': 100.0, '22': 100.0, '23': 100.0, '24': 100.0, '25': 100.0, '28': 100.0, '33': 100.0, '39': 100.0, '42': 100.0, '44': 100.0, '48': 100.0, '51': 100.0, '53': 100.0, '54': 100.0, '55': 100.0, '60': 100.0, '69': 100.0, '72': 100.0, '77': 100.0, '85': 100.0, '90': 100.0, '92': 100.0, '98': 100.0, '15': 0.0, '57': 0.0, '71': 0.0}, 'aerialsTotal': {'81': 1.0}, 'defensiveAerials': {'81': 1.0}, 'throwInsTotal': {'54': 1.0}, 'throwInsAccurate': {'54': 1.0}, 'tacklesTotal': {'5': 1.0}, 'tackleSuccessful': {'5': 1.0}, 'tackleSuccess': {'5': 100.0}, 'dribblesWon': {'53': 1.0, '72': 1.0}, 'dribblesAttempted': {'53': 1.0, '72': 1.0}, 'dribbleSuccess': {'53': 100.0, '72': 100.0}}",,,,,,,839
4,448209,23,Sergi Cardona,DL,185,77,25,True,False,home,"{'possession': {'0': 1.0, '3': 1.0, '5': 1.0, '7': 1.0, '9': 2.0, '11': 1.0, '14': 1.0, '24': 1.0, '25': 2.0, '27': 1.0, '29': 1.0, '33': 1.0, '40': 2.0, '41': 1.0, '42': 1.0, '44': 2.0, '47': 1.0, '48': 2.0, '51': 1.0, '53': 2.0, '54': 2.0, '55': 2.0, '59': 1.0, '60': 1.0, '62': 1.0, '64': 1.0, '66': 2.0, '70': 1.0, '71': 1.0, '72': 2.0, '74': 2.0, '79': 2.0, '86': 1.0, '88': 1.0, '90': 1.0, '93': 1.0, '98': 2.0, '99': 1.0, '100': 1.0}, 'ratings': {'0': 6.0, '3': 6.01, '4': 6.09, '5': 6.08, '7': 6.08, '9': 6.07, '11': 6.07, '12': 6.04, '14': 6.14, '15': 6.16, '17': 6.24, '19': 6.08, '23': 6.09, '24': 6.18, '25': 6.18, '27': 6.19, '28': 6.17, '29': 6.16, '33': 6.15, '36': 6.24, '40': 6.25, '41': 6.25, '42': 6.26, '44': 6.25, '47': 6.25, '48': 6.26, '49': 6.09, '51': 6.09, '53': 6.1, '54': 6.09, '55': 6.1, '59': 6.1, '60': 6.11, '62': 6.11, '63': 6.19, '64': 6.15, '65': 6.2, '66': 6.19, '70': 6.18, '71': 6.19, '72': 6.19, '74': 6.2, '79': 6.2, '86': 6.2, '88': 6.21, '90': 6.21, '93': 6.21, '94': 6.31, '98': 6.32, '99': 6.33, '100': 6.32}, 'clearances': {'94': 2.0}, 'interceptions': {'14': 1.0}, 'touches': {'0': 1.0, '3': 1.0, '4': 1.0, '5': 1.0, '7': 1.0, '9': 2.0, '11': 1.0, '14': 3.0, '24': 1.0, '25': 2.0, '27': 1.0, '28': 2.0, '29': 1.0, '33': 2.0, '40': 2.0, '41': 1.0, '42': 1.0, '44': 2.0, '47': 1.0, '48': 2.0, '51': 1.0, '53': 2.0, '54': 2.0, '55': 2.0, '59': 1.0, '60': 1.0, '62': 1.0, '63': 1.0, '64': 2.0, '65': 1.0, '66': 2.0, '70': 1.0, '71': 1.0, '72': 2.0, '74': 2.0, '77': 1.0, '79': 2.0, '86': 1.0, '88': 1.0, '90': 1.0, '91': 2.0, '93': 2.0, '94': 2.0, '98': 2.0, '99': 1.0, '100': 1.0}, 'passesTotal': {'0': 1.0, '3': 1.0, '9': 2.0, '11': 1.0, '14': 1.0, '25': 2.0, '27': 1.0, '40': 2.0, '41': 1.0, '42': 1.0, '44': 2.0, '47': 1.0, '48': 2.0, '51': 1.0, '53': 2.0, '54': 2.0, '55': 2.0, '59': 1.0, '60': 1.0, '62': 1.0, '66': 1.0, '71': 1.0, '72': 2.0, '74': 2.0, '79': 2.0, '86': 1.0, '88': 1.0, '90': 1.0, '93': 1.0, '98': 2.0, '99': 1.0, '7': 1.0, '33': 1.0, '64': 1.0, '70': 1.0, '100': 1.0}, 'passesAccurate': {'0': 1.0, '3': 1.0, '9': 1.0, '11': 1.0, '14': 1.0, '25': 2.0, '27': 1.0, '40': 2.0, '41': 1.0, '42': 1.0, '44': 1.0, '47': 1.0, '48': 2.0, '51': 1.0, '53': 2.0, '54': 1.0, '55': 2.0, '59': 1.0, '60': 1.0, '62': 1.0, '66': 1.0, '71': 1.0, '72': 2.0, '74': 2.0, '79': 2.0, '86': 1.0, '88': 1.0, '90': 1.0, '93': 1.0, '98': 2.0, '99': 1.0}, 'passesKey': {'63': 1.0}, 'passSuccess': {'0': 100.0, '3': 100.0, '9': 50.0, '11': 100.0, '14': 100.0, '25': 100.0, '27': 100.0, '40': 100.0, '41': 100.0, '42': 100.0, '44': 50.0, '47': 100.0, '48': 100.0, '51': 100.0, '53': 100.0, '54': 50.0, '55': 100.0, '59': 100.0, '60': 100.0, '62': 100.0, '66': 100.0, '71': 100.0, '72': 100.0, '74': 100.0, '79': 100.0, '86': 100.0, '88': 100.0, '90': 100.0, '93': 100.0, '98': 100.0, '99': 100.0, '7': 0.0, '33': 0.0, '64': 0.0, '70': 0.0, '100': 0.0}, 'throwInsTotal': {'14': 1.0, '28': 1.0, '33': 1.0, '91': 1.0}, 'throwInsAccurate': {'14': 1.0, '28': 1.0, '33': 1.0, '91': 1.0}, 'tacklesTotal': {'4': 1.0, '12': 1.0}, 'tackleSuccessful': {'4': 1.0}, 'tackleUnsuccesful': {'12': 1.0}, 'tackleSuccess': {'4': 100.0, '12': 0.0}, 'dribbledPast': {'12': 1.0}, 'dribblesAttempted': {'28': 1.0}, 'dribblesLost': {'28': 1.0}}",,,,,,,839
5,403865,21,Yeremy Pino,MR,172,65,22,True,False,home,"{'possession': {'2': 1.0, '3': 1.0, '5': 2.0, '6': 1.0, '10': 1.0, '11': 1.0, '24': 1.0, '25': 5.0, '35': 1.0, '40': 1.0, '41': 1.0, '45': 1.0, '53': 2.0, '55': 1.0, '72': 1.0, '73': 1.0}, 'ratings': {'0': 6.0, '2': 5.97, '3': 6.1, '5': 6.1, '6': 6.1, '9': 5.99, '10': 5.99, '11': 5.98, '13': 6.03, '17': 6.15, '19': 6.03, '24': 6.2, '25': 6.21, '28': 6.17, '29': 6.16, '35': 6.24, '36': 6.36, '40': 6.35, '41': 6.35, '45': 6.6, '49': 6.48, '51': 6.45, '53': 6.46, '55': 6.46, '66': 6.42, '72': 6.43, '73': 6.43}, 'shotsTotal': {'24': 1.0}, 'shotsBlocked': {'24': 1.0}, 'clearances': {'13': 1.0}, 'touches': {'2': 1.0, '3': 2.0, '4': 1.0, '5': 2.0, '6': 1.0, '10': 1.0, '11': 1.0, '13': 1.0, '24': 3.0, '25': 5.0, '28': 1.0, '35': 1.0, '40': 1.0, '41': 1.0, '45': 2.0, '51': 1.0, '53': 2.0, '55': 1.0, '66': 2.0, '72': 1.0, '73': 1.0}, 'passesTotal': {'2': 1.0, '3': 1.0, '5': 2.0, '6': 1.0, '10': 1.0, '24': 1.0, '25': 5.0, '35': 1.0, '45': 1.0, '53': 2.0, '55': 1.0, '72': 1.0, '73': 1.0, '11': 1.0, '40': 1.0, '41': 1.0}, 'passesAccurate': {'2': 1.0, '3': 1.0, '5': 1.0, '6': 1.0, '10': 1.0, '24': 1.0, '25': 4.0, '35': 1.0, '45': 1.0, '53': 2.0, '55': 1.0, '72': 1.0, '73': 1.0}, 'passesKey': {'35': 1.0, '45': 1.0}, 'passSuccess': {'2': 100.0, '3': 100.0, '5': 50.0, '6': 100.0, '10': 100.0, '24': 100.0, '25': 80.0, '35': 100.0, '45': 100.0, '53': 100.0, '55': 100.0, '72': 100.0, '73': 100.0, '11': 0.0, '40': 0.0, '41': 0.0}, 'foulsCommited': {'9': 1.0, '29': 1.0}, 'tacklesTotal': {'3': 1.0, '2': 1.0}, 'tackleSuccessful': {'3': 1.0}, 'tackleUnsuccesful': {'2': 1.0}, 'tackleSuccess': {'3': 100.0, '2': 0.0}, 'dribbledPast': {'2': 1.0}, 'dribblesWon': {'24': 1.0, '45': 1.0}, 'dribblesAttempted': {'24': 1.0, '45': 1.0}, 'dribbleSuccess': {'24': 100.0, '45': 100.0}, 'dispossessed': {'28': 1.0, '51': 1.0, '66': 1.0}}",428500.0,"{'value': 2, 'displayName': 'SecondHalf'}",76.0,,,,839
6,362735,14,Santi Comesaña,MC,188,75,28,True,False,home,"{'possession': {'3': 1.0, '5': 2.0, '6': 2.0, '7': 1.0, '9': 2.0, '24': 2.0, '25': 3.0, '27': 1.0, '29': 2.0, '33': 1.0, '34': 1.0, '40': 1.0, '42': 1.0, '47': 1.0, '53': 1.0, '55': 1.0, '58': 1.0, '59': 3.0, '66': 2.0, '72': 1.0, '73': 1.0, '79': 3.0, '86': 1.0, '88': 1.0, '95': 1.0, '98': 1.0, '99': 1.0}, 'ratings': {'0': 6.0, '3': 6.01, '5': 6.02, '6': 6.02, '7': 6.02, '9': 6.02, '10': 6.11, '17': 6.22, '19': 6.09, '24': 6.09, '25': 6.1, '27': 6.1, '29': 6.11, '33': 6.11, '34': 6.11, '36': 6.23, '40': 6.23, '42': 6.24, '45': 6.2, '47': 6.2, '48': 6.34, '49': 6.19, '53': 6.19, '55': 6.19, '58': 6.19, '59': 6.36, '65': 6.34, '66': 6.35, '72': 6.35, '73': 6.35, '77': 6.34, '79': 6.35, '86': 6.35, '88': 6.35, '90': 6.32, '95': 6.32, '98': 6.32, '99': 6.33}, 'touches': {'0': 1.0, '1': 1.0, '3': 1.0, '5': 2.0, '6': 2.0, '7': 1.0, '9': 2.0, '10': 1.0, '24': 2.0, '25': 3.0, '27': 1.0, '29': 2.0, '33': 1.0, '34': 1.0, '38': 1.0, '40': 1.0, '42': 1.0, '45': 1.0, '47': 1.0, '48': 1.0, '53': 1.0, '55': 1.0, '58': 1.0, '59': 4.0, '66': 3.0, '72': 1.0, '73': 1.0, '79': 3.0, '86': 1.0, '88': 1.0, '90': 1.0, '95': 1.0, '98': 1.0, '99': 1.0}, 'passesTotal': {'3': 1.0, '5': 2.0, '6': 1.0, '7': 1.0, '9': 2.0, '24': 2.0, '25': 3.0, '27': 1.0, '29': 2.0, '33': 1.0, '34': 1.0, '40': 1.0, '42': 1.0, '47': 1.0, '53': 1.0, '55': 1.0, '58': 1.0, '59': 3.0, '66': 2.0, '72': 1.0, '73': 1.0, '79': 3.0, '86': 1.0, '88': 1.0, '95': 1.0, '98': 1.0, '99': 1.0}, 'passesAccurate': {'3': 1.0, '5': 2.0, '6': 1.0, '7': 1.0, '9': 2.0, '24': 2.0, '25': 3.0, '27': 1.0, '29': 2.0, '33': 1.0, '34': 1.0, '40': 1.0, '42': 1.0, '47': 1.0, '53': 1.0, '55': 1.0, '58': 1.0, '59': 2.0, '66': 2.0, '72': 1.0, '73': 1.0, '79': 3.0, '86': 1.0, '88': 1.0, '95': 1.0, '98': 1.0, '99': 1.0}, 'passSuccess': {'3': 100.0, '5': 100.0, '6': 100.0, '7': 100.0, '9': 100.0, '24': 100.0, '25': 100.0, '27': 100.0, '29': 100.0, '33': 100.0, '34': 100.0, '40': 100.0, '42': 100.0, '47': 100.0, '53': 100.0, '55': 100.0, '58': 100.0, '59': 66.67, '66': 100.0, '72': 100.0, '73': 100.0, '79': 100.0, '86': 100.0, '88': 100.0, '95': 100.0, '98': 100.0, '99': 100.0}, 'aerialsTotal': {'10': 1.0, '49': 1.0, '65': 1.0, '77': 1.0}, 'aerialsWon': {'10': 1.0}, 'aerialSuccess': {'49': 0.0, '65': 0.0, '77': 0.0}, 'defensiveAerials': {'10': 1.0, '49': 1.0, '65': 1.0, '77': 1.0}, 'tacklesTotal': {'48': 1.0}, 'tackleSuccessful': {'48': 1.0}, 'tackleSuccess': {'48': 100.0}, 'dribblesWon': {'59': 1.0}, 'dribblesAttempted': {'59': 1.0}, 'dribbleSuccess': {'59': 100.0}, 'dispossessed': {'90': 1.0}}",,,,,,,839
7,28186,10,Dani Parejo,MC,182,74,35,True,False,home,"{'possession': {'3': 2.0, '4': 1.0, '5': 2.0, '9': 2.0, '11': 4.0, '20': 1.0, '23': 2.0, '24': 1.0, '25': 5.0, '28': 1.0, '29': 1.0, '34': 1.0, '38': 1.0, '39': 1.0, '40': 2.0, '42': 2.0, '44': 1.0, '47': 3.0, '48': 2.0, '51': 2.0, '53': 3.0, '54': 2.0, '58': 2.0, '59': 1.0, '62': 1.0, '64': 1.0, '72': 3.0, '73': 1.0, '79': 2.0, '86': 1.0, '88': 1.0, '92': 1.0, '93': 1.0, '95': 1.0, '96': 1.0}, 'ratings': {'0': 6.0, '3': 6.01, '4': 6.02, '5': 6.03, '9': 6.04, '11': 6.06, '17': 6.18, '19': 6.05, '20': 6.05, '23': 6.05, '24': 6.06, '25': 6.08, '28': 6.08, '29': 6.08, '34': 6.06, '36': 6.18, '38': 6.19, '39': 6.19, '40': 6.39, '42': 6.43, '44': 6.43, '47': 6.44, '48': 6.44, '49': 6.31, '51': 6.31, '53': 6.33, '54': 6.5, '58': 6.51, '59': 6.51, '62': 6.51, '64': 6.64, '72': 6.64, '73': 6.61, '79': 6.62, '86': 6.63, '88': 6.63, '91': 6.66, '92': 6.66, '93': 6.67, '95': 6.67, '96': 6.65}, 'interceptions': {'40': 2.0}, 'touches': {'0': 1.0, '3': 2.0, '4': 1.0, '5': 2.0, '9': 2.0, '11': 4.0, '20': 1.0, '23': 2.0, '24': 1.0, '25': 5.0, '28': 1.0, '29': 1.0, '34': 1.0, '38': 1.0, '39': 1.0, '40': 4.0, '42': 3.0, '44': 1.0, '47': 3.0, '48': 2.0, '51': 2.0, '52': 1.0, '53': 3.0, '54': 3.0, '58': 2.0, '59': 1.0, '62': 1.0, '64': 2.0, '67': 1.0, '72': 3.0, '73': 2.0, '79': 3.0, '86': 1.0, '88': 1.0, '91': 1.0, '92': 1.0, '93': 1.0, '95': 1.0, '96': 1.0}, 'passesTotal': {'3': 2.0, '4': 1.0, '5': 2.0, '9': 2.0, '11': 4.0, '20': 1.0, '23': 2.0, '24': 1.0, '25': 5.0, '28': 1.0, '29': 1.0, '38': 1.0, '39': 1.0, '40': 2.0, '42': 2.0, '44': 1.0, '47': 3.0, '48': 2.0, '51': 2.0, '53': 3.0, '54': 2.0, '58': 2.0, '62': 1.0, '72': 3.0, '73': 1.0, '79': 2.0, '86': 1.0, '88': 1.0, '92': 1.0, '93': 1.0, '95': 1.0, '96': 1.0, '34': 1.0, '59': 1.0, '64': 1.0}, 'passesAccurate': {'3': 2.0, '4': 1.0, '5': 2.0, '9': 2.0, '11': 4.0, '20': 1.0, '23': 2.0, '24': 1.0, '25': 5.0, '28': 1.0, '29': 1.0, '38': 1.0, '39': 1.0, '40': 2.0, '42': 2.0, '44': 1.0, '47': 3.0, '48': 2.0, '51': 2.0, '53': 3.0, '54': 2.0, '58': 2.0, '62': 1.0, '72': 2.0, '73': 1.0, '79': 2.0, '86': 1.0, '88': 1.0, '92': 1.0, '93': 1.0, '95': 1.0, '96': 1.0}, 'passSuccess': {'3': 100.0, '4': 100.0, '5': 100.0, '9': 100.0, '11': 100.0, '20': 100.0, '23': 100.0, '24': 100.0, '25': 100.0, '28': 100.0, '29': 100.0, '38': 100.0, '39': 100.0, '40': 100.0, '42': 100.0, '44': 100.0, '47': 100.0, '48': 100.0, '51': 100.0, '53': 100.0, '54': 100.0, '58': 100.0, '62': 100.0, '72': 66.67, '73': 100.0, '79': 100.0, '86': 100.0, '88': 100.0, '92': 100.0, '93': 100.0, '95': 100.0, '96': 100.0, '34': 0.0, '59': 0.0, '64': 0.0}, 'aerialsTotal': {'34': 1.0}, 'offensiveAerials': {'34': 1.0}, 'tacklesTotal': {'64': 1.0, '96': 1.0}, 'tackleSuccessful': {'64': 1.0}, 'tackleUnsuccesful': {'96': 1.0}, 'tackleSuccess': {'64': 100.0, '96': 0.0}, 'dribbledPast': {'96': 1.0}, 'dribblesWon': {'54': 1.0}, 'dribblesAttempted': {'54': 1.0}, 'dribbleSuccess': {'54': 100.0}}",444244.0,"{'value': 15, 'displayName': 'PreGame'}",96.0,,,,839
8,395242,16,Álex Baena,ML,175,70,23,True,False,home,"{'possession': {'0': 1.0, '3': 1.0, '4': 1.0, '11': 3.0, '20': 1.0, '22': 1.0, '24': 2.0, '29': 2.0, '35': 1.0, '36': 2.0, '39': 1.0, '40': 1.0, '46': 1.0, '53': 2.0, '54': 1.0, '55': 2.0, '58': 3.0, '63': 1.0, '66': 1.0, '71': 1.0, '74': 2.0}, 'ratings': {'0': 6.09, '3': 6.08, '4': 6.08, '5': 6.06, '11': 6.07, '14': 6.04, '17': 6.16, '19': 6.04, '20': 6.04, '22': 6.03, '24': 6.04, '29': 6.04, '35': 6.03, '36': 6.13, '39': 6.13, '40': 6.14, '44': 6.29, '46': 6.31, '49': 6.2, '53': 6.2, '54': 6.21, '55': 6.18, '56': 6.16, '58': 6.17, '60': 6.18, '61': 6.23, '63': 6.32, '66': 6.32, '71': 6.32, '74': 6.49}, 'shotsTotal': {'61': 1.0}, 'shotsOffTarget': {'61': 1.0}, 'interceptions': {'0': 1.0}, 'touches': {'0': 3.0, '3': 1.0, '4': 1.0, '11': 3.0, '14': 1.0, '20': 1.0, '22': 1.0, '24': 2.0, '29': 2.0, '35': 1.0, '36': 2.0, '39': 1.0, '40': 1.0, '44': 2.0, '46': 4.0, '53': 2.0, '54': 1.0, '55': 3.0, '58': 3.0, '60': 2.0, '61': 1.0, '63': 1.0, '66': 1.0, '71': 1.0, '74': 3.0}, 'passesTotal': {'0': 1.0, '4': 1.0, '11': 3.0, '20': 1.0, '24': 2.0, '29': 2.0, '39': 1.0, '40': 1.0, '46': 1.0, '53': 2.0, '54': 1.0, '55': 2.0, '58': 3.0, '66': 1.0, '71': 1.0, '74': 2.0, '3': 1.0, '35': 1.0}, 'passesAccurate': {'0': 1.0, '4': 1.0, '11': 3.0, '20': 1.0, '24': 2.0, '29': 2.0, '39': 1.0, '40': 1.0, '46': 1.0, '53': 2.0, '54': 1.0, '55': 2.0, '58': 3.0, '66': 1.0, '71': 1.0, '74': 1.0}, 'passSuccess': {'0': 100.0, '4': 100.0, '11': 100.0, '20': 100.0, '24': 100.0, '29': 100.0, '39': 100.0, '40': 100.0, '46': 100.0, '53': 100.0, '54': 100.0, '55': 100.0, '58': 100.0, '66': 100.0, '71': 100.0, '74': 50.0, '3': 0.0, '35': 0.0}, 'aerialsTotal': {'0': 1.0, '5': 1.0}, 'offensiveAerials': {'0': 1.0, '5': 1.0}, 'cornersAccurate': {'63': 1.0}, 'foulsCommited': {'56': 1.0}, 'dribblesWon': {'44': 1.0, '74': 1.0}, 'dribblesAttempted': {'44': 2.0, '74': 1.0, '46': 1.0, '60': 1.0}, 'dribblesLost': {'44': 1.0, '46': 1.0, '60': 1.0}, 'dribbleSuccess': {'44': 50.0, '74': 100.0, '46': 0.0, '60': 0.0}}",399047.0,"{'value': 2, 'displayName': 'SecondHalf'}",76.0,,,,839
9,323625,9,Arnaut Danjuma,FW,178,74,28,True,False,home,"{'possession': {'0': 1.0, '4': 1.0, '11': 1.0, '23': 1.0, '24': 1.0, '33': 1.0, '38': 1.0, '54': 1.0, '55': 1.0, '58': 1.0, '72': 1.0, '75': 1.0, '79': 1.0}, 'ratings': {'0': 6.08, '4': 6.07, '11': 6.06, '17': 7.23, '19': 7.16, '21': 7.13, '23': 7.13, '24': 7.14, '27': 7.18, '33': 7.17, '36': 7.37, '38': 7.36, '46': 7.33, '49': 7.26, '54': 7.23, '55': 7.23, '58': 7.23, '62': 7.22, '72': 7.23, '74': 7.21, '75': 7.2, '77': 7.18, '79': 7.18}, 'shotsTotal': {'17': 1.0, '35': 1.0, '46': 1.0}, 'shotsOnTarget': {'17': 1.0}, 'shotsOffTarget': {'46': 1.0}, 'shotsBlocked': {'35': 1.0}, 'touches': {'0': 1.0, '4': 1.0, '11': 1.0, '17': 1.0, '21': 1.0, '23': 1.0, '24': 1.0, '27': 1.0, '33': 1.0, '35': 1.0, '38': 1.0, '46': 1.0, '54': 1.0, '55': 1.0, '58': 1.0, '62': 1.0, '72': 1.0, '74': 1.0, '75': 1.0, '79': 1.0}, 'passesTotal': {'23': 1.0, '24': 1.0, '54': 1.0, '55': 1.0, '58': 1.0, '72': 1.0, '79': 1.0, '0': 1.0, '4': 1.0, '11': 1.0, '33': 1.0, '38': 1.0, '75': 1.0}, 'passesAccurate': {'23': 1.0, '24': 1.0, '54': 1.0, '55': 1.0, '58': 1.0, '72': 1.0, '79': 1.0}, 'passSuccess': {'23': 100.0, '24': 100.0, '54': 100.0, '55': 100.0, '58': 100.0, '72': 100.0, '79': 100.0, '0': 0.0, '4': 0.0, '11': 0.0, '33': 0.0, '38': 0.0, '75': 0.0}, 'aerialsTotal': {'0': 1.0}, 'aerialsWon': {'0': 1.0}, 'offensiveAerials': {'0': 1.0}, 'cornersTotal': {'35': 1.0, '62': 1.0}, 'offsidesCaught': {'77': 1.0}, 'tacklesTotal': {'54': 1.0}, 'tackleUnsuccesful': {'54': 1.0}, 'dribbledPast': {'54': 1.0}, 'dribblesAttempted': {'62': 1.0, '74': 1.0}, 'dribblesLost': {'62': 1.0, '74': 1.0}}",135366.0,"{'value': 2, 'displayName': 'SecondHalf'}",84.0,,,,839
10,97659,7,Gerard Moreno,FW,180,77,32,True,False,home,"{'possession': {'0': 1.0, '2': 1.0, '4': 1.0, '5': 1.0, '7': 1.0, '11': 2.0, '20': 1.0, '29': 2.0, '33': 1.0, '35': 1.0, '38': 1.0, '39': 1.0, '45': 1.0, '46': 1.0, '50': 1.0, '53': 2.0, '54': 1.0, '55': 1.0, '58': 1.0, '66': 1.0, '71': 1.0, '73': 2.0}, 'ratings': {'0': 6.0, '2': 5.99, '3': 5.95, '4': 5.96, '5': 6.03, '6': 6.17, '7': 6.16, '11': 6.15, '13': 6.2, '17': 6.4, '19': 6.34, '20': 6.34, '24': 6.31, '29': 6.31, '33': 6.31, '35': 6.31, '36': 6.51, '38': 6.51, '39': 6.55, '40': 6.5, '45': 6.66, '46': 6.74, '47': 6.78, '49': 6.71, '50': 6.71, '53': 6.72, '54': 6.72, '55': 6.73, '58': 6.73, '63': 6.9, '66': 6.9, '69': 6.87, '71': 6.87, '73': 7.04}, 'shotsTotal': {'45': 1.0, '63': 1.0}, 'shotsOnTarget': {'45': 1.0, '63': 1.0}, 'touches': {'0': 1.0, '2': 1.0, '3': 1.0, '4': 1.0, '5': 1.0, '6': 1.0, '7': 1.0, '11': 2.0, '13': 1.0, '20': 1.0, '24': 1.0, '29': 2.0, '33': 1.0, '35': 1.0, '38': 1.0, '39': 2.0, '40': 3.0, '45': 2.0, '46': 1.0, '47': 1.0, '50': 1.0, '53': 2.0, '54': 1.0, '55': 1.0, '58': 1.0, '63': 1.0, '66': 1.0, '69': 1.0, '71': 1.0, '73': 3.0}, 'passesTotal': {'0': 1.0, '4': 1.0, '11': 1.0, '20': 1.0, '29': 2.0, '35': 1.0, '38': 1.0, '39': 1.0, '46': 1.0, '50': 1.0, '53': 2.0, '54': 1.0, '55': 1.0, '58': 1.0, '66': 1.0, '71': 1.0, '73': 2.0, '2': 1.0, '5': 1.0, '7': 1.0, '33': 1.0, '45': 1.0}, 'passesAccurate': {'0': 1.0, '4': 1.0, '11': 1.0, '20': 1.0, '29': 2.0, '35': 1.0, '38': 1.0, '39': 1.0, '46': 1.0, '50': 1.0, '53': 2.0, '54': 1.0, '55': 1.0, '58': 1.0, '66': 1.0, '71': 1.0, '73': 2.0}, 'passesKey': {'46': 1.0}, 'passSuccess': {'0': 100.0, '4': 100.0, '11': 100.0, '20': 100.0, '29': 100.0, '35': 100.0, '38': 100.0, '39': 100.0, '46': 100.0, '50': 100.0, '53': 100.0, '54': 100.0, '55': 100.0, '58': 100.0, '66': 100.0, '71': 100.0, '73': 100.0, '2': 0.0, '5': 0.0, '7': 0.0, '33': 0.0, '45': 0.0}, 'aerialsTotal': {'5': 1.0}, 'aerialsWon': {'5': 1.0}, 'offensiveAerials': {'5': 1.0}, 'tacklesTotal': {'6': 1.0}, 'tackleSuccessful': {'6': 1.0}, 'tackleSuccess': {'6': 100.0}, 'dribblesWon': {'73': 1.0}, 'dribblesAttempted': {'73': 1.0, '40': 1.0}, 'dribblesLost': {'40': 1.0}, 'dribbleSuccess': {'73': 100.0, '40': 0.0}, 'dispossessed': {'40': 1.0}}",239872.0,"{'value': 2, 'displayName': 'SecondHalf'}",76.0,,,,839
11,399047,18,Pape Gueye,Sub,189,79,26,,False,home,"{'possession': {'79': 2.0, '86': 3.0, '88': 2.0, '91': 4.0, '92': 3.0, '93': 2.0, '98': 2.0}, 'ratings': {'76': 6.0, '79': 6.0, '86': 6.01, '88': 6.0, '89': 5.98, '91': 5.98, '92': 6.0, '93': 5.97, '98': 5.97, '99': 5.92}, 'touches': {'79': 2.0, '80': 1.0, '86': 3.0, '88': 2.0, '91': 4.0, '92': 3.0, '93': 4.0, '96': 1.0, '98': 2.0, '99': 1.0}, 'passesTotal': {'79': 2.0, '86': 3.0, '91': 4.0, '92': 3.0, '93': 2.0, '98': 2.0, '88': 1.0}, 'passesAccurate': {'79': 2.0, '86': 3.0, '91': 3.0, '92': 3.0, '93': 2.0, '98': 2.0}, 'passSuccess': {'79': 100.0, '86': 100.0, '91': 75.0, '92': 100.0, '93': 100.0, '98': 100.0, '88': 0.0}, 'foulsCommited': {'89': 1.0, '99': 1.0}, 'dispossessed': {'93': 1.0}}",,,,"{'value': 2, 'displayName': 'SecondHalf'}",76.0,395242.0,839
12,444244,20,Ramon Terrats,Sub,181,71,24,,False,home,"{'possession': {'98': 3.0, '100': 1.0}, 'ratings': {'96': 6.0, '98': 6.02, '100': 6.03}, 'touches': {'98': 3.0, '100': 1.0}, 'passesTotal': {'98': 3.0, '100': 1.0}, 'passesAccurate': {'98': 3.0, '100': 1.0}, 'passSuccess': {'98': 100.0, '100': 100.0}}",,,,"{'value': 15, 'displayName': 'PreGame'}",96.0,28186.0,839
13,428500,11,Ilias Akhomach,Sub,175,70,20,,False,home,"{'possession': {'79': 2.0, '80': 1.0, '88': 1.0, '92': 2.0, '93': 1.0, '98': 1.0, '100': 1.0}, 'ratings': {'76': 6.0, '78': 6.02, '79': 6.02, '80': 6.02, '86': 6.03, '88': 6.04, '92': 6.21, '93': 6.19, '94': 6.16, '95': 6.14, '97': 6.13, '98': 6.3, '100': 6.3}, 'touches': {'78': 2.0, '79': 2.0, '80': 1.0, '86': 2.0, '88': 1.0, '92': 3.0, '93': 2.0, '94': 1.0, '95': 1.0, '98': 2.0, '100': 1.0}, 'passesTotal': {'79': 2.0, '88': 1.0, '92': 2.0, '93': 1.0, '98': 1.0, '100': 1.0, '80': 1.0}, 'passesAccurate': {'79': 2.0, '88': 1.0, '92': 1.0, '93': 1.0, '98': 1.0, '100': 1.0}, 'passSuccess': {'79': 100.0, '88': 100.0, '92': 50.0, '93': 100.0, '98': 100.0, '100': 100.0, '80': 0.0}, 'offsidesCaught': {'97': 1.0}, 'tacklesTotal': {'78': 3.0}, 'tackleSuccessful': {'78': 1.0}, 'tackleUnsuccesful': {'78': 2.0}, 'tackleSuccess': {'78': 33.33}, 'dribbledPast': {'78': 2.0}, 'dribblesWon': {'92': 1.0, '98': 1.0}, 'dribblesAttempted': {'92': 1.0, '98': 1.0, '86': 1.0, '93': 1.0, '95': 1.0}, 'dribblesLost': {'86': 1.0, '93': 1.0, '95': 1.0}, 'dribbleSuccess': {'92': 100.0, '98': 100.0, '86': 0.0, '93': 0.0, '95': 0.0}}",,,,"{'value': 2, 'displayName': 'SecondHalf'}",76.0,403865.0,839
14,135366,22,Ayoze Pérez,Sub,178,66,31,,False,home,"{'possession': {'90': 1.0, '91': 1.0, '92': 2.0, '94': 1.0, '95': 2.0}, 'ratings': {'84': 6.0, '90': 6.0, '91': 6.0, '92': 5.99, '94': 6.0, '95': 6.01, '97': 6.1}, 'touches': {'84': 1.0, '90': 1.0, '91': 1.0, '92': 2.0, '94': 1.0, '95': 2.0, '97': 1.0}, 'passesTotal': {'90': 1.0, '91': 1.0, '92': 2.0, '94': 1.0, '95': 2.0}, 'passesAccurate': {'90': 1.0, '91': 1.0, '92': 1.0, '94': 1.0, '95': 2.0}, 'passSuccess': {'90': 100.0, '91': 100.0, '92': 50.0, '94': 100.0, '95': 100.0}, 'aerialsTotal': {'97': 1.0}, 'aerialsWon': {'97': 1.0}, 'offensiveAerials': {'97': 1.0}}",,,,"{'value': 2, 'displayName': 'SecondHalf'}",84.0,323625.0,839
15,239872,19,Nicolas Pépé,Sub,183,73,29,,False,home,"{'possession': {'79': 1.0, '86': 2.0, '88': 1.0, '91': 1.0, '92': 1.0}, 'ratings': {'76': 6.0, '78': 6.09, '79': 6.26, '80': 6.41, '81': 6.46, '86': 6.46, '88': 6.77, '91': 6.77, '92': 6.77, '94': 6.75, '99': 6.74}, 'shotsTotal': {'88': 2.0}, 'shotsOnPost': {'88': 1.0}, 'shotsOffTarget': {'88': 2.0}, 'clearances': {'81': 1.0}, 'interceptions': {'78': 1.0}, 'touches': {'78': 3.0, '79': 2.0, '80': 3.0, '81': 1.0, '86': 2.0, '88': 3.0, '91': 1.0, '92': 1.0}, 'passesTotal': {'79': 1.0, '86': 2.0, '88': 1.0, '91': 1.0, '92': 1.0}, 'passesAccurate': {'79': 1.0, '86': 2.0, '88': 1.0, '91': 1.0, '92': 1.0}, 'passSuccess': {'79': 100.0, '86': 100.0, '88': 100.0, '91': 100.0, '92': 100.0}, 'aerialsTotal': {'94': 1.0}, 'offensiveAerials': {'94': 1.0}, 'foulsCommited': {'99': 1.0}, 'dribblesWon': {'79': 1.0, '80': 1.0}, 'dribblesAttempted': {'79': 1.0, '80': 2.0, '78': 1.0}, 'dribblesLost': {'78': 1.0, '80': 1.0}, 'dribbleSuccess': {'79': 100.0, '80': 50.0, '78': 0.0}}",,,,"{'value': 2, 'displayName': 'SecondHalf'}",76.0,97659.0,839
16,399272,31,Iker Álvarez,Sub,190,81,23,,False,home,{},,,,,,,839
17,494120,5,Willy Kambwala,Sub,192,85,20,,False,home,{},,,,,,,839
18,444225,27,Arnau Solà,Sub,179,73,21,,False,home,{},,,,,,,839
19,537235,26,Pau Navarro,Sub,185,72,19,,False,home,{},,,,,,,839
0,76662,13,Jan Oblak,GK,188,87,32,True,False,away,"{'totalSaves': {'45': 1.0, '63': 1.0}, 'collected': {'45': 1.0, '63': 1.0}, 'possession': {'0': 1.0, '1': 1.0, '8': 1.0, '12': 1.0, '22': 1.0, '27': 1.0, '46': 2.0, '48': 1.0, '62': 1.0, '63': 1.0, '64': 2.0, '71': 1.0, '78': 1.0, '84': 1.0, '89': 1.0, '95': 1.0, '98': 1.0, '99': 1.0}, 'ratings': {'0': 6.01, '1': 6.01, '8': 6.01, '12': 6.01, '17': 5.74, '19': 5.8, '22': 5.8, '27': 5.8, '36': 4.7, '45': 5.07, '46': 5.07, '48': 5.08, '49': 5.13, '62': 5.12, '63': 5.32, '64': 5.33, '71': 5.33, '78': 5.34, '84': 5.34, '89': 5.34, '95': 5.34, '98': 5.34, '99': 5.35}, 'touches': {'0': 1.0, '1': 1.0, '8': 1.0, '12': 1.0, '22': 1.0, '27': 1.0, '45': 1.0, '46': 2.0, '48': 1.0, '62': 1.0, '63': 2.0, '64': 2.0, '71': 1.0, '78': 1.0, '84': 1.0, '89': 1.0, '95': 1.0, '98': 1.0, '99': 1.0}, 'passesTotal': {'1': 1.0, '8': 1.0, '12': 1.0, '22': 1.0, '27': 1.0, '46': 1.0, '48': 1.0, '64': 2.0, '71': 1.0, '78': 1.0, '84': 1.0, '89': 1.0, '95': 1.0, '98': 1.0, '99': 1.0, '62': 1.0}, 'passesAccurate': {'1': 1.0, '8': 1.0, '12': 1.0, '22': 1.0, '27': 1.0, '46': 1.0, '48': 1.0, '64': 2.0, '71': 1.0, '78': 1.0, '84': 1.0, '89': 1.0, '95': 1.0, '98': 1.0, '99': 1.0}, 'passSuccess': {'1': 100.0, '8': 100.0, '12': 100.0, '22': 100.0, '27': 100.0, '46': 100.0, '48': 100.0, '64': 100.0, '71': 100.0, '78': 100.0, '84': 100.0, '89': 100.0, '95': 100.0, '98': 100.0, '99': 100.0, '62': 0.0}, 'errors': {'36': 1.0}}",,,,,,,63
1,25191,20,Axel Witsel,DC,186,81,36,True,False,away,"{'possession': {'1': 2.0, '2': 1.0, '3': 1.0, '7': 1.0, '8': 1.0, '9': 1.0, '10': 3.0, '14': 3.0, '15': 1.0, '16': 3.0, '17': 1.0, '19': 1.0, '20': 1.0, '21': 2.0, '26': 2.0, '34': 1.0, '37': 1.0, '38': 1.0, '45': 1.0, '48': 1.0, '49': 1.0}, 'ratings': {'0': 6.0, '1': 6.0, '2': 6.0, '3': 6.01, '7': 6.02, '8': 6.02, '9': 6.01, '10': 6.02, '14': 6.03, '15': 6.03, '16': 6.04, '17': 5.84, '19': 5.91, '20': 5.9, '21': 5.9, '26': 5.9, '29': 5.95, '34': 5.96, '35': 6.04, '36': 5.84, '37': 5.84, '38': 5.84, '45': 5.85, '48': 5.85, '49': 5.92}, 'clearances': {'29': 1.0}, 'touches': {'1': 2.0, '2': 1.0, '3': 1.0, '7': 1.0, '8': 1.0, '9': 1.0, '10': 3.0, '14': 3.0, '15': 1.0, '16': 3.0, '17': 1.0, '19': 1.0, '20': 1.0, '21': 2.0, '26': 2.0, '29': 1.0, '34': 1.0, '35': 1.0, '37': 1.0, '38': 1.0, '45': 1.0, '48': 2.0, '49': 1.0}, 'passesTotal': {'1': 2.0, '2': 1.0, '3': 1.0, '7': 1.0, '8': 1.0, '10': 3.0, '14': 3.0, '15': 1.0, '16': 3.0, '17': 1.0, '19': 1.0, '21': 2.0, '26': 2.0, '34': 1.0, '37': 1.0, '38': 1.0, '45': 1.0, '48': 1.0, '49': 1.0, '9': 1.0, '20': 1.0}, 'passesAccurate': {'1': 2.0, '2': 1.0, '3': 1.0, '7': 1.0, '8': 1.0, '10': 3.0, '14': 3.0, '15': 1.0, '16': 3.0, '17': 1.0, '19': 1.0, '21': 2.0, '26': 2.0, '34': 1.0, '37': 1.0, '38': 1.0, '45': 1.0, '48': 1.0, '49': 1.0}, 'passSuccess': {'1': 100.0, '2': 100.0, '3': 100.0, '7': 100.0, '8': 100.0, '10': 100.0, '14': 100.0, '15': 100.0, '16': 100.0, '17': 100.0, '19': 100.0, '21': 100.0, '26': 100.0, '34': 100.0, '37': 100.0, '38': 100.0, '45': 100.0, '48': 100.0, '49': 100.0, '9': 0.0, '20': 0.0}}",135914.0,"{'value': 2, 'displayName': 'SecondHalf'}",51.0,,,,63
2,367008,24,Robin Le Normand,DC,187,80,28,True,False,away,"{'possession': {'1': 2.0, '2': 2.0, '3': 2.0, '5': 1.0, '8': 1.0, '9': 1.0, '10': 2.0, '14': 2.0, '15': 2.0, '16': 3.0, '17': 1.0, '19': 1.0, '21': 3.0, '22': 1.0, '26': 2.0, '27': 1.0, '32': 1.0, '37': 1.0, '38': 1.0, '48': 1.0, '49': 1.0, '51': 1.0, '52': 3.0, '55': 1.0, '56': 3.0, '57': 3.0, '58': 1.0, '63': 1.0, '64': 2.0, '69': 1.0, '70': 3.0, '71': 1.0, '72': 1.0, '74': 1.0, '75': 2.0, '77': 2.0, '78': 1.0, '80': 1.0, '84': 1.0, '89': 1.0, '90': 1.0, '93': 1.0, '94': 3.0, '95': 1.0, '98': 3.0}, 'ratings': {'0': 6.05, '1': 6.05, '2': 6.06, '3': 6.07, '5': 6.12, '6': 6.17, '8': 6.17, '9': 6.17, '10': 6.18, '14': 6.18, '15': 6.18, '16': 6.19, '17': 5.99, '19': 6.06, '21': 6.05, '22': 6.05, '24': 6.19, '26': 6.19, '27': 6.19, '32': 6.18, '34': 6.14, '35': 6.11, '36': 5.91, '37': 5.91, '38': 5.91, '39': 5.8, '47': 5.78, '48': 5.79, '49': 5.86, '51': 5.86, '52': 5.87, '55': 5.87, '56': 5.88, '57': 5.88, '58': 5.89, '63': 5.89, '64': 5.89, '69': 5.89, '70': 5.91, '71': 5.92, '72': 5.92, '74': 5.91, '75': 5.91, '77': 5.93, '78': 5.94, '80': 5.94, '84': 5.93, '89': 5.93, '90': 5.93, '93': 5.94, '94': 5.93, '95': 5.94, '97': 5.95, '98': 5.96}, 'clearances': {'0': 1.0, '5': 1.0, '24': 1.0}, 'touches': {'0': 1.0, '1': 2.0, '2': 2.0, '3': 2.0, '5': 2.0, '6': 1.0, '8': 1.0, '9': 1.0, '10': 2.0, '14': 2.0, '15': 2.0, '16': 3.0, '17': 1.0, '19': 1.0, '21': 3.0, '22': 1.0, '24': 2.0, '26': 2.0, '27': 1.0, '32': 1.0, '34': 1.0, '35': 1.0, '37': 1.0, '38': 1.0, '48': 1.0, '49': 1.0, '51': 1.0, '52': 3.0, '55': 1.0, '56': 3.0, '57': 3.0, '58': 1.0, '63': 1.0, '64': 2.0, '69': 1.0, '70': 3.0, '71': 1.0, '72': 1.0, '74': 1.0, '75': 2.0, '77': 2.0, '78': 1.0, '80': 1.0, '84': 1.0, '89': 1.0, '90': 1.0, '93': 1.0, '94': 3.0, '95': 1.0, '98': 3.0}, 'passesTotal': {'1': 2.0, '2': 2.0, '3': 2.0, '5': 1.0, '8': 1.0, '9': 1.0, '10': 2.0, '14': 2.0, '15': 2.0, '16': 3.0, '17': 1.0, '19': 1.0, '21': 3.0, '22': 1.0, '26': 2.0, '27': 1.0, '37': 1.0, '38': 1.0, '48': 1.0, '49': 1.0, '51': 1.0, '52': 3.0, '55': 1.0, '56': 3.0, '57': 3.0, '58': 1.0, '63': 1.0, '64': 2.0, '69': 1.0, '70': 3.0, '71': 1.0, '72': 1.0, '75': 2.0, '77': 2.0, '78': 1.0, '80': 1.0, '89': 1.0, '90': 1.0, '93': 1.0, '94': 3.0, '95': 1.0, '98': 3.0, '32': 1.0, '74': 1.0, '84': 1.0}, 'passesAccurate': {'1': 2.0, '2': 2.0, '3': 2.0, '5': 1.0, '8': 1.0, '9': 1.0, '10': 2.0, '14': 2.0, '15': 2.0, '16': 3.0, '17': 1.0, '19': 1.0, '21': 2.0, '22': 1.0, '26': 2.0, '27': 1.0, '37': 1.0, '38': 1.0, '48': 1.0, '49': 1.0, '51': 1.0, '52': 3.0, '55': 1.0, '56': 3.0, '57': 3.0, '58': 1.0, '63': 1.0, '64': 2.0, '69': 1.0, '70': 3.0, '71': 1.0, '72': 1.0, '75': 2.0, '77': 2.0, '78': 1.0, '80': 1.0, '89': 1.0, '90': 1.0, '93': 1.0, '94': 2.0, '95': 1.0, '98': 3.0}, 'passSuccess': {'1': 100.0, '2': 100.0, '3': 100.0, '5': 100.0, '8': 100.0, '9': 100.0, '10': 100.0, '14': 100.0, '15': 100.0, '16': 100.0, '17': 100.0, '19': 100.0, '21': 66.67, '22': 100.0, '26': 100.0, '27': 100.0, '37': 100.0, '38': 100.0, '48': 100.0, '49': 100.0, '51': 100.0, '52': 100.0, '55': 100.0, '56': 100.0, '57': 100.0, '58': 100.0, '63': 100.0, '64': 100.0, '69': 100.0, '70': 100.0, '71': 100.0, '72': 100.0, '75': 100.0, '77': 100.0, '78': 100.0, '80': 100.0, '89': 100.0, '90': 100.0, '93': 100.0, '94': 66.67, '95': 100.0, '98': 100.0, '32': 0.0, '74': 0.0, '84': 0.0}, 'foulsCommited': {'39': 1.0, '47': 1.0}}",,,,,,,63
3,25931,3,César Azpilicueta,DC,178,76,35,True,False,away,"{'possession': {'0': 2.0, '1': 1.0, '2': 2.0, '3': 3.0, '4': 1.0, '8': 2.0, '9': 1.0, '10': 4.0, '12': 1.0, '13': 1.0, '14': 3.0, '15': 2.0, '16': 1.0, '17': 1.0, '19': 1.0, '21': 1.0, '26': 3.0, '27': 3.0, '33': 1.0, '34': 1.0, '38': 3.0, '40': 1.0, '41': 1.0, '45': 2.0, '46': 2.0, '48': 2.0, '49': 1.0, '52': 3.0, '54': 1.0, '55': 1.0, '56': 2.0, '57': 1.0, '64': 2.0, '67': 3.0, '70': 4.0, '71': 2.0, '73': 4.0, '74': 1.0, '75': 4.0, '77': 2.0, '78': 2.0, '79': 1.0, '85': 3.0, '89': 2.0, '90': 1.0, '93': 1.0, '95': 3.0, '96': 1.0, '100': 2.0}, 'ratings': {'0': 5.99, '1': 5.99, '2': 6.0, '3': 6.02, '4': 6.01, '5': 6.15, '8': 6.15, '9': 6.14, '10': 6.16, '12': 6.16, '13': 6.15, '14': 6.16, '15': 6.16, '16': 6.17, '17': 5.97, '19': 6.04, '21': 6.04, '26': 6.04, '27': 6.04, '33': 6.03, '34': 6.03, '36': 5.83, '38': 5.82, '40': 5.83, '41': 5.91, '45': 5.91, '46': 6.0, '48': 6.01, '49': 6.08, '52': 6.09, '54': 6.09, '55': 6.09, '56': 6.1, '57': 6.1, '64': 6.1, '67': 6.11, '70': 6.11, '71': 6.11, '73': 6.13, '74': 6.23, '75': 6.24, '77': 6.24, '78': 6.25, '79': 6.23, '80': 6.28, '85': 6.28, '89': 6.29, '90': 6.29, '93': 6.29, '94': 6.42, '95': 6.56, '96': 6.57, '99': 6.6, '100': 6.6}, 'clearances': {'5': 1.0, '94': 1.0}, 'touches': {'0': 2.0, '1': 2.0, '2': 2.0, '3': 3.0, '4': 1.0, '5': 1.0, '8': 2.0, '9': 1.0, '10': 4.0, '12': 1.0, '13': 1.0, '14': 3.0, '15': 2.0, '16': 1.0, '17': 1.0, '19': 1.0, '21': 1.0, '26': 3.0, '27': 3.0, '33': 1.0, '34': 1.0, '38': 4.0, '40': 1.0, '41': 1.0, '45': 2.0, '46': 3.0, '48': 2.0, '49': 1.0, '52': 3.0, '54': 1.0, '55': 1.0, '56': 2.0, '57': 1.0, '59': 1.0, '64': 2.0, '65': 1.0, '67': 3.0, '70': 4.0, '71': 2.0, '73': 4.0, '74': 2.0, '75': 4.0, '77': 2.0, '78': 2.0, '79': 1.0, '80': 1.0, '84': 1.0, '85': 3.0, '89': 2.0, '90': 1.0, '92': 1.0, '93': 1.0, '94': 1.0, '95': 4.0, '96': 1.0, '99': 1.0, '100': 2.0}, 'passesTotal': {'0': 2.0, '1': 1.0, '2': 2.0, '3': 3.0, '8': 2.0, '10': 4.0, '12': 1.0, '14': 3.0, '15': 2.0, '16': 1.0, '17': 1.0, '19': 1.0, '21': 1.0, '26': 3.0, '27': 3.0, '34': 1.0, '38': 3.0, '40': 1.0, '45': 2.0, '46': 2.0, '48': 2.0, '49': 1.0, '52': 3.0, '54': 1.0, '55': 1.0, '56': 2.0, '57': 1.0, '64': 2.0, '67': 3.0, '70': 4.0, '71': 2.0, '73': 4.0, '74': 1.0, '75': 4.0, '77': 2.0, '78': 2.0, '79': 1.0, '85': 3.0, '89': 2.0, '90': 1.0, '93': 1.0, '95': 3.0, '96': 1.0, '100': 2.0, '4': 1.0, '9': 1.0, '13': 1.0, '33': 1.0}, 'passesAccurate': {'0': 1.0, '1': 1.0, '2': 2.0, '3': 3.0, '8': 2.0, '10': 4.0, '12': 1.0, '14': 3.0, '15': 2.0, '16': 1.0, '17': 1.0, '19': 1.0, '21': 1.0, '26': 3.0, '27': 2.0, '34': 1.0, '38': 2.0, '40': 1.0, '45': 2.0, '46': 2.0, '48': 2.0, '49': 1.0, '52': 3.0, '54': 1.0, '55': 1.0, '56': 2.0, '57': 1.0, '64': 2.0, '67': 3.0, '70': 3.0, '71': 2.0, '73': 4.0, '74': 1.0, '75': 4.0, '77': 2.0, '78': 2.0, '79': 1.0, '85': 3.0, '89': 2.0, '90': 1.0, '93': 1.0, '95': 3.0, '96': 1.0, '100': 2.0}, 'passSuccess': {'0': 50.0, '1': 100.0, '2': 100.0, '3': 100.0, '8': 100.0, '10': 100.0, '12': 100.0, '14': 100.0, '15': 100.0, '16': 100.0, '17': 100.0, '19': 100.0, '21': 100.0, '26': 100.0, '27': 66.67, '34': 100.0, '38': 66.67, '40': 100.0, '45': 100.0, '46': 100.0, '48': 100.0, '49': 100.0, '52': 100.0, '54': 100.0, '55': 100.0, '56': 100.0, '57': 100.0, '64': 100.0, '67': 100.0, '70': 75.0, '71': 100.0, '73': 100.0, '74': 100.0, '75': 100.0, '77': 100.0, '78': 100.0, '79': 100.0, '85': 100.0, '89': 100.0, '90': 100.0, '93': 100.0, '95': 100.0, '96': 100.0, '100': 100.0, '4': 0.0, '9': 0.0, '13': 0.0, '33': 0.0}, 'aerialsTotal': {'5': 1.0, '94': 1.0}, 'aerialsWon': {'5': 1.0, '94': 1.0}, 'defensiveAerials': {'5': 1.0, '94': 1.0}, 'throwInsTotal': {'1': 1.0, '38': 1.0, '59': 1.0, '84': 1.0}, 'throwInsAccurate': {'1': 1.0, '38': 1.0, '84': 1.0}, 'tacklesTotal': {'74': 2.0, '95': 1.0, '46': 1.0, '80': 2.0, '79': 1.0}, 'tackleSuccessful': {'74': 1.0, '95': 1.0, '46': 1.0, '80': 1.0}, 'tackleUnsuccesful': {'74': 1.0, '79': 1.0, '80': 1.0}, 'tackleSuccess': {'74': 50.0, '95': 100.0, '46': 100.0, '80': 50.0, '79': 0.0}, 'dribbledPast': {'74': 1.0, '79': 1.0, '80': 1.0}}",,,,,,,63
4,254582,14,Marcos Llorente,DMR,184,74,30,True,True,away,"{'possession': {'0': 1.0, '1': 2.0, '3': 2.0, '4': 2.0, '8': 1.0, '10': 1.0, '12': 1.0, '14': 1.0, '15': 1.0, '17': 1.0, '19': 1.0, '21': 1.0, '27': 1.0, '33': 1.0, '34': 2.0, '38': 1.0, '39': 1.0, '40': 1.0, '46': 1.0, '49': 1.0, '52': 1.0, '53': 1.0, '54': 1.0, '55': 1.0, '56': 1.0, '57': 1.0, '64': 2.0, '65': 1.0, '67': 1.0, '72': 1.0, '73': 4.0, '74': 1.0, '77': 1.0, '79': 1.0, '90': 1.0, '94': 1.0, '95': 1.0, '98': 1.0}, 'ratings': {'0': 6.0, '1': 5.99, '3': 5.99, '4': 6.0, '8': 6.0, '10': 6.0, '12': 6.27, '14': 6.24, '15': 6.24, '17': 6.12, '19': 7.21, '21': 7.22, '27': 7.22, '28': 7.35, '33': 7.36, '34': 7.36, '36': 7.25, '38': 7.25, '39': 7.33, '40': 7.33, '46': 7.33, '49': 7.45, '52': 7.45, '53': 7.44, '54': 7.45, '55': 7.46, '56': 7.46, '57': 7.46, '64': 7.44, '65': 7.44, '67': 7.44, '72': 7.45, '73': 7.46, '74': 7.47, '77': 7.55, '79': 7.56, '89': 7.59, '90': 7.59, '94': 7.6, '95': 7.56, '98': 7.55}, 'shotsTotal': {'19': 1.0}, 'shotsOnTarget': {'19': 1.0}, 'touches': {'0': 1.0, '1': 2.0, '3': 2.0, '4': 2.0, '8': 1.0, '10': 1.0, '12': 1.0, '14': 2.0, '15': 2.0, '17': 1.0, '19': 2.0, '21': 1.0, '27': 1.0, '28': 1.0, '33': 2.0, '34': 2.0, '38': 1.0, '39': 1.0, '40': 1.0, '41': 1.0, '46': 1.0, '48': 1.0, '49': 1.0, '52': 1.0, '53': 1.0, '54': 1.0, '55': 1.0, '56': 1.0, '57': 2.0, '64': 3.0, '65': 1.0, '67': 1.0, '72': 1.0, '73': 4.0, '74': 1.0, '77': 1.0, '79': 1.0, '89': 1.0, '90': 1.0, '94': 1.0, '95': 2.0, '98': 1.0}, 'passesTotal': {'0': 1.0, '3': 2.0, '4': 2.0, '8': 1.0, '10': 1.0, '14': 1.0, '15': 1.0, '17': 1.0, '19': 1.0, '21': 1.0, '27': 1.0, '33': 1.0, '34': 2.0, '38': 1.0, '46': 1.0, '49': 1.0, '52': 1.0, '54': 1.0, '55': 1.0, '56': 1.0, '64': 2.0, '65': 1.0, '67': 1.0, '72': 1.0, '73': 4.0, '74': 1.0, '77': 1.0, '79': 1.0, '90': 1.0, '94': 1.0, '95': 1.0, '1': 1.0, '40': 1.0, '53': 1.0, '57': 1.0, '98': 1.0}, 'passesAccurate': {'0': 1.0, '3': 2.0, '4': 2.0, '8': 1.0, '10': 1.0, '14': 1.0, '15': 1.0, '17': 1.0, '19': 1.0, '21': 1.0, '27': 1.0, '33': 1.0, '34': 2.0, '38': 1.0, '46': 1.0, '49': 1.0, '52': 1.0, '54': 1.0, '55': 1.0, '56': 1.0, '64': 1.0, '65': 1.0, '67': 1.0, '72': 1.0, '73': 4.0, '74': 1.0, '77': 1.0, '79': 1.0, '90': 1.0, '94': 1.0, '95': 1.0}, 'passesKey': {'12': 1.0}, 'passSuccess': {'0': 100.0, '3': 100.0, '4': 100.0, '8': 100.0, '10': 100.0, '14': 100.0, '15': 100.0, '17': 100.0, '19': 100.0, '21': 100.0, '27': 100.0, '33': 100.0, '34': 100.0, '38': 100.0, '46': 100.0, '49': 100.0, '52': 100.0, '54': 100.0, '55': 100.0, '56': 100.0, '64': 50.0, '65': 100.0, '67': 100.0, '72': 100.0, '73': 100.0, '74': 100.0, '77': 100.0, '79': 100.0, '90': 100.0, '94': 100.0, '95': 100.0, '1': 0.0, '40': 0.0, '53': 0.0, '57': 0.0, '98': 0.0}, 'aerialsTotal': {'77': 1.0}, 'aerialsWon': {'77': 1.0}, 'offensiveAerials': {'77': 1.0}, 'throwInsTotal': {'41': 1.0, '48': 1.0, '57': 1.0}, 'throwInsAccurate': {'41': 1.0, '48': 1.0, '57': 1.0}, 'tacklesTotal': {'28': 1.0}, 'tackleSuccessful': {'28': 1.0}, 'tackleSuccess': {'28': 100.0}, 'dribblesAttempted': {'64': 1.0}, 'dribblesLost': {'64': 1.0}}",,,,,,,63
5,361812,23,Reinildo,DML,180,73,31,True,False,away,"{'possession': {'2': 2.0, '3': 1.0, '5': 3.0, '7': 1.0, '8': 1.0, '10': 1.0, '11': 1.0, '15': 1.0, '16': 1.0, '17': 1.0, '21': 1.0, '23': 2.0, '26': 1.0, '27': 1.0, '32': 1.0, '34': 1.0, '37': 1.0, '40': 1.0, '48': 1.0, '52': 1.0, '56': 1.0, '57': 2.0, '58': 1.0}, 'ratings': {'0': 6.0, '2': 5.99, '3': 5.96, '5': 5.95, '7': 5.94, '8': 5.95, '9': 5.99, '10': 5.96, '11': 5.96, '15': 5.93, '16': 5.94, '17': 5.81, '19': 5.93, '21': 5.93, '23': 5.93, '24': 5.9, '26': 5.9, '27': 5.9, '28': 6.04, '32': 6.04, '34': 6.04, '36': 5.97, '37': 5.98, '40': 5.98, '41': 5.94, '48': 5.94, '49': 6.05, '51': 6.15, '52': 6.16, '56': 6.16, '57': 6.16, '58': 6.16}, 'clearances': {'36': 1.0}, 'touches': {'2': 3.0, '3': 2.0, '4': 1.0, '5': 3.0, '6': 1.0, '7': 1.0, '8': 1.0, '9': 1.0, '10': 1.0, '11': 2.0, '15': 2.0, '16': 1.0, '17': 1.0, '21': 1.0, '23': 2.0, '26': 2.0, '27': 1.0, '28': 1.0, '32': 1.0, '34': 1.0, '36': 1.0, '37': 1.0, '38': 1.0, '40': 1.0, '41': 1.0, '48': 1.0, '51': 1.0, '52': 2.0, '56': 1.0, '57': 2.0, '58': 1.0}, 'passesTotal': {'2': 2.0, '3': 1.0, '5': 3.0, '8': 1.0, '16': 1.0, '21': 1.0, '23': 2.0, '26': 1.0, '27': 1.0, '32': 1.0, '34': 1.0, '37': 1.0, '40': 1.0, '52': 1.0, '56': 1.0, '57': 2.0, '7': 1.0, '10': 1.0, '11': 1.0, '15': 1.0, '17': 1.0, '48': 1.0}, 'passesAccurate': {'2': 1.0, '3': 1.0, '5': 2.0, '8': 1.0, '16': 1.0, '21': 1.0, '23': 2.0, '26': 1.0, '27': 1.0, '32': 1.0, '34': 1.0, '37': 1.0, '40': 1.0, '52': 1.0, '56': 1.0, '57': 2.0}, 'passSuccess': {'2': 50.0, '3': 100.0, '5': 66.67, '8': 100.0, '16': 100.0, '21': 100.0, '23': 100.0, '26': 100.0, '27': 100.0, '32': 100.0, '34': 100.0, '37': 100.0, '40': 100.0, '52': 100.0, '56': 100.0, '57': 100.0, '7': 0.0, '10': 0.0, '11': 0.0, '15': 0.0, '17': 0.0, '48': 0.0}, 'aerialsTotal': {'10': 1.0, '51': 1.0}, 'offensiveAerials': {'10': 1.0, '51': 1.0}, 'throwInsTotal': {'2': 1.0, '4': 1.0, '6': 1.0, '15': 1.0, '26': 1.0, '38': 1.0, '52': 1.0}, 'throwInsAccurate': {'2': 1.0, '4': 1.0, '6': 1.0, '15': 1.0, '26': 1.0, '38': 1.0, '52': 1.0}, 'offsidesCaught': {'15': 1.0}, 'foulsCommited': {'51': 1.0}, 'tacklesTotal': {'28': 1.0, '51': 1.0, '24': 1.0}, 'tackleSuccessful': {'28': 1.0, '51': 1.0}, 'tackleUnsuccesful': {'24': 1.0}, 'tackleSuccess': {'28': 100.0, '51': 100.0, '24': 0.0}, 'dribbledPast': {'24': 1.0}, 'dispossessed': {'3': 1.0}}",303728.0,"{'value': 2, 'displayName': 'SecondHalf'}",59.0,,,,63
6,80764,6,Koke,MC,176,77,33,True,False,away,"{'possession': {'1': 1.0, '2': 2.0, '3': 2.0, '4': 1.0, '5': 1.0, '8': 3.0, '9': 1.0, '10': 1.0, '12': 1.0, '13': 2.0, '14': 2.0, '17': 1.0, '19': 1.0, '21': 2.0, '23': 1.0, '26': 1.0, '27': 3.0, '28': 1.0, '34': 2.0, '37': 2.0, '38': 1.0, '40': 2.0, '41': 1.0, '44': 1.0, '45': 4.0, '46': 1.0, '48': 1.0, '52': 4.0, '56': 1.0, '64': 2.0, '66': 1.0}, 'ratings': {'0': 6.0, '1': 6.0, '2': 5.97, '3': 5.98, '4': 5.96, '5': 5.95, '8': 5.95, '9': 5.96, '10': 5.95, '12': 5.95, '13': 5.96, '14': 5.97, '17': 5.84, '19': 5.96, '21': 5.96, '23': 5.96, '26': 5.97, '27': 5.96, '28': 5.96, '34': 6.23, '36': 5.6, '37': 5.6, '38': 5.61, '40': 5.87, '41': 5.95, '44': 6.03, '45': 6.0, '46': 6.0, '48': 6.01, '49': 6.13, '52': 6.13, '56': 6.14, '64': 6.14, '66': 6.15}, 'touches': {'1': 1.0, '2': 3.0, '3': 2.0, '4': 1.0, '5': 2.0, '8': 3.0, '9': 1.0, '10': 1.0, '12': 1.0, '13': 2.0, '14': 2.0, '17': 1.0, '19': 1.0, '21': 2.0, '23': 1.0, '26': 1.0, '27': 3.0, '28': 1.0, '34': 2.0, '36': 1.0, '37': 2.0, '38': 1.0, '40': 4.0, '41': 1.0, '44': 2.0, '45': 4.0, '46': 1.0, '48': 1.0, '52': 4.0, '56': 1.0, '64': 2.0, '66': 2.0}, 'passesTotal': {'1': 1.0, '2': 2.0, '3': 2.0, '5': 1.0, '8': 3.0, '9': 1.0, '12': 1.0, '13': 2.0, '14': 2.0, '17': 1.0, '19': 1.0, '21': 2.0, '23': 1.0, '26': 1.0, '27': 3.0, '28': 1.0, '34': 1.0, '37': 2.0, '38': 1.0, '40': 2.0, '41': 1.0, '45': 4.0, '46': 1.0, '48': 1.0, '52': 4.0, '56': 1.0, '64': 2.0, '66': 1.0, '4': 1.0, '10': 1.0, '44': 1.0}, 'passesAccurate': {'1': 1.0, '2': 2.0, '3': 2.0, '5': 1.0, '8': 3.0, '9': 1.0, '12': 1.0, '13': 2.0, '14': 2.0, '17': 1.0, '19': 1.0, '21': 2.0, '23': 1.0, '26': 1.0, '27': 3.0, '28': 1.0, '34': 1.0, '37': 2.0, '38': 1.0, '40': 1.0, '41': 1.0, '45': 3.0, '46': 1.0, '48': 1.0, '52': 4.0, '56': 1.0, '64': 2.0, '66': 1.0}, 'passesKey': {'34': 1.0, '41': 1.0}, 'passSuccess': {'1': 100.0, '2': 100.0, '3': 100.0, '5': 100.0, '8': 100.0, '9': 100.0, '12': 100.0, '13': 100.0, '14': 100.0, '17': 100.0, '19': 100.0, '21': 100.0, '23': 100.0, '26': 100.0, '27': 100.0, '28': 100.0, '34': 100.0, '37': 100.0, '38': 100.0, '40': 50.0, '41': 100.0, '45': 75.0, '46': 100.0, '48': 100.0, '52': 100.0, '56': 100.0, '64': 100.0, '66': 100.0, '4': 0.0, '10': 0.0, '44': 0.0}, 'aerialsTotal': {'5': 1.0}, 'defensiveAerials': {'5': 1.0}, 'foulsCommited': {'27': 1.0}, 'tacklesTotal': {'40': 2.0, '44': 1.0, '45': 1.0}, 'tackleSuccessful': {'40': 2.0, '44': 1.0}, 'tackleUnsuccesful': {'45': 1.0}, 'tackleSuccess': {'40': 100.0, '44': 100.0, '45': 0.0}, 'dribbledPast': {'45': 1.0}}",125547.0,"{'value': 2, 'displayName': 'SecondHalf'}",69.0,,,,63
7,434138,8,Pablo Barrios,MC,181,75,21,True,False,away,"{'possession': {'0': 1.0, '2': 2.0, '4': 2.0, '8': 2.0, '12': 1.0, '13': 2.0, '15': 1.0, '17': 1.0, '19': 1.0, '26': 2.0, '27': 3.0, '28': 1.0, '33': 1.0, '34': 3.0, '37': 1.0, '38': 1.0, '46': 1.0, '49': 1.0, '51': 1.0, '52': 1.0, '56': 3.0, '63': 1.0, '65': 1.0, '67': 3.0, '70': 2.0, '71': 1.0, '73': 3.0, '75': 2.0, '77': 2.0, '78': 3.0, '80': 4.0, '89': 1.0, '94': 3.0, '96': 1.0, '100': 1.0}, 'ratings': {'0': 6.05, '2': 6.23, '4': 6.24, '8': 6.24, '11': 6.34, '12': 6.51, '13': 6.51, '15': 6.51, '17': 6.38, '19': 6.5, '26': 6.5, '27': 6.5, '28': 6.5, '33': 6.5, '34': 6.51, '36': 6.38, '37': 6.38, '38': 6.39, '42': 6.27, '44': 6.24, '46': 6.18, '48': 6.15, '49': 6.96, '51': 6.96, '52': 6.95, '54': 6.92, '56': 6.92, '63': 6.93, '65': 6.93, '66': 6.99, '67': 7.0, '70': 7.0, '71': 7.0, '73': 7.01, '75': 7.01, '77': 7.02, '78': 7.19, '80': 7.21, '89': 7.21, '90': 7.26, '91': 7.33, '93': 7.41, '94': 7.41, '96': 7.42, '100': 7.42}, 'shotsTotal': {'66': 1.0, '90': 1.0}, 'shotsOffTarget': {'66': 1.0, '90': 1.0}, 'interceptions': {'11': 1.0, '91': 1.0}, 'touches': {'0': 1.0, '2': 3.0, '4': 2.0, '8': 2.0, '11': 1.0, '12': 2.0, '13': 2.0, '15': 2.0, '17': 1.0, '19': 1.0, '26': 2.0, '27': 3.0, '28': 1.0, '33': 1.0, '34': 3.0, '37': 1.0, '38': 1.0, '45': 1.0, '46': 2.0, '48': 1.0, '49': 1.0, '51': 1.0, '52': 1.0, '56': 3.0, '63': 1.0, '65': 1.0, '66': 2.0, '67': 3.0, '70': 2.0, '71': 1.0, '73': 3.0, '75': 2.0, '77': 2.0, '78': 4.0, '80': 4.0, '89': 1.0, '90': 1.0, '91': 2.0, '93': 1.0, '94': 3.0, '96': 1.0, '100': 1.0}, 'passesTotal': {'2': 2.0, '4': 2.0, '8': 2.0, '12': 1.0, '13': 1.0, '15': 1.0, '17': 1.0, '19': 1.0, '26': 2.0, '27': 3.0, '28': 1.0, '34': 3.0, '37': 1.0, '38': 1.0, '56': 3.0, '63': 1.0, '65': 1.0, '67': 3.0, '70': 2.0, '71': 1.0, '73': 3.0, '75': 2.0, '77': 2.0, '78': 3.0, '80': 4.0, '89': 1.0, '94': 3.0, '96': 1.0, '100': 1.0, '0': 1.0, '33': 1.0, '46': 1.0, '51': 1.0, '52': 1.0}, 'passesAccurate': {'2': 2.0, '4': 2.0, '8': 2.0, '12': 1.0, '13': 1.0, '15': 1.0, '17': 1.0, '19': 1.0, '26': 2.0, '27': 2.0, '28': 1.0, '34': 3.0, '37': 1.0, '38': 1.0, '56': 3.0, '63': 1.0, '65': 1.0, '67': 3.0, '70': 1.0, '71': 1.0, '73': 3.0, '75': 2.0, '77': 2.0, '78': 3.0, '80': 3.0, '89': 1.0, '94': 2.0, '96': 1.0, '100': 1.0}, 'passesKey': {'49': 1.0}, 'passSuccess': {'2': 100.0, '4': 100.0, '8': 100.0, '12': 100.0, '13': 100.0, '15': 100.0, '17': 100.0, '19': 100.0, '26': 100.0, '27': 66.67, '28': 100.0, '34': 100.0, '37': 100.0, '38': 100.0, '56': 100.0, '63': 100.0, '65': 100.0, '67': 100.0, '70': 50.0, '71': 100.0, '73': 100.0, '75': 100.0, '77': 100.0, '78': 100.0, '80': 75.0, '89': 100.0, '94': 66.67, '96': 100.0, '100': 100.0, '0': 0.0, '33': 0.0, '46': 0.0, '51': 0.0, '52': 0.0}, 'aerialsTotal': {'0': 2.0}, 'aerialsWon': {'0': 1.0}, 'aerialSuccess': {'0': 100.0}, 'defensiveAerials': {'0': 2.0}, 'foulsCommited': {'42': 1.0, '46': 1.0}, 'tacklesTotal': {'66': 1.0, '93': 1.0, '44': 1.0, '54': 1.0}, 'tackleSuccessful': {'66': 1.0, '93': 1.0}, 'tackleUnsuccesful': {'44': 1.0, '54': 1.0}, 'tackleSuccess': {'66': 100.0, '93': 100.0, '44': 0.0, '54': 0.0}, 'dribbledPast': {'44': 1.0, '54': 1.0}, 'dribblesWon': {'2': 1.0, '12': 1.0, '78': 1.0}, 'dribblesAttempted': {'2': 1.0, '12': 1.0, '78': 1.0}, 'dribbleSuccess': {'2': 100.0, '12': 100.0, '78': 100.0}, 'dispossessed': {'48': 1.0}}",,,,,,,63
8,381594,12,Samuel Lino,AMC,170,69,25,True,False,away,"{'possession': {'2': 2.0, '5': 1.0, '13': 2.0, '15': 1.0, '23': 1.0, '24': 1.0, '34': 1.0, '40': 2.0, '45': 1.0, '51': 1.0, '52': 2.0, '56': 1.0, '57': 2.0, '64': 1.0, '66': 1.0, '67': 2.0, '70': 2.0, '72': 1.0, '74': 1.0, '75': 1.0, '77': 2.0, '78': 1.0, '80': 1.0, '88': 1.0, '89': 1.0, '90': 1.0, '92': 1.0, '93': 1.0, '95': 3.0, '96': 1.0, '100': 1.0}, 'ratings': {'0': 6.0, '2': 6.0, '5': 6.0, '6': 5.97, '8': 6.0, '12': 6.04, '13': 6.04, '15': 6.05, '17': 5.95, '19': 6.08, '23': 6.07, '24': 6.01, '29': 6.03, '34': 6.0, '35': 6.19, '36': 6.09, '39': 6.07, '40': 6.07, '45': 6.07, '49': 6.2, '51': 6.21, '52': 6.21, '54': 6.17, '55': 6.16, '56': 6.15, '57': 6.15, '64': 6.16, '66': 6.16, '67': 6.13, '70': 6.14, '72': 6.14, '74': 6.14, '75': 6.14, '77': 6.15, '78': 6.12, '80': 6.12, '86': 6.0, '88': 5.98, '89': 5.97, '90': 5.97, '92': 5.92, '93': 6.01, '95': 6.02, '96': 6.35, '98': 6.31, '100': 6.32}, 'shotsTotal': {'12': 1.0, '35': 1.0, '67': 1.0}, 'shotsOnPost': {'35': 1.0}, 'shotsOnTarget': {'12': 1.0}, 'shotsOffTarget': {'35': 1.0, '67': 1.0}, 'touches': {'2': 2.0, '5': 1.0, '6': 1.0, '8': 1.0, '12': 1.0, '13': 2.0, '15': 1.0, '23': 1.0, '24': 2.0, '29': 2.0, '34': 3.0, '35': 1.0, '40': 2.0, '41': 1.0, '45': 1.0, '51': 1.0, '52': 2.0, '56': 1.0, '57': 2.0, '64': 1.0, '66': 1.0, '67': 3.0, '70': 2.0, '72': 1.0, '74': 1.0, '75': 1.0, '77': 2.0, '78': 3.0, '80': 1.0, '88': 1.0, '89': 2.0, '90': 1.0, '92': 1.0, '93': 2.0, '95': 3.0, '96': 3.0, '100': 1.0}, 'passesTotal': {'2': 2.0, '5': 1.0, '13': 2.0, '15': 1.0, '23': 1.0, '34': 1.0, '40': 2.0, '45': 1.0, '51': 1.0, '52': 2.0, '57': 2.0, '64': 1.0, '66': 1.0, '67': 2.0, '70': 2.0, '72': 1.0, '74': 1.0, '75': 1.0, '77': 2.0, '78': 1.0, '80': 1.0, '89': 1.0, '90': 1.0, '93': 1.0, '95': 3.0, '100': 1.0, '24': 1.0, '56': 1.0, '88': 1.0, '92': 1.0, '96': 1.0}, 'passesAccurate': {'2': 1.0, '5': 1.0, '13': 2.0, '15': 1.0, '23': 1.0, '34': 1.0, '40': 1.0, '45': 1.0, '51': 1.0, '52': 1.0, '57': 2.0, '64': 1.0, '66': 1.0, '67': 2.0, '70': 2.0, '72': 1.0, '74': 1.0, '75': 1.0, '77': 2.0, '78': 1.0, '80': 1.0, '89': 1.0, '90': 1.0, '93': 1.0, '95': 3.0, '100': 1.0}, 'passSuccess': {'2': 50.0, '5': 100.0, '13': 100.0, '15': 100.0, '23': 100.0, '34': 100.0, '40': 50.0, '45': 100.0, '51': 100.0, '52': 50.0, '57': 100.0, '64': 100.0, '66': 100.0, '67': 100.0, '70': 100.0, '72': 100.0, '74': 100.0, '75': 100.0, '77': 100.0, '78': 100.0, '80': 100.0, '89': 100.0, '90': 100.0, '93': 100.0, '95': 100.0, '100': 100.0, '24': 0.0, '56': 0.0, '88': 0.0, '92': 0.0, '96': 0.0}, 'aerialsTotal': {'39': 1.0}, 'offensiveAerials': {'39': 1.0}, 'cornersTotal': {'12': 1.0}, 'cornersAccurate': {'13': 1.0}, 'throwInAccuracy': {'12': 0.0}, 'offsidesCaught': {'23': 1.0}, 'foulsCommited': {'24': 1.0, '55': 1.0, '86': 1.0}, 'tacklesTotal': {'93': 1.0, '54': 1.0, '92': 1.0, '98': 1.0}, 'tackleSuccessful': {'93': 1.0}, 'tackleUnsuccesful': {'54': 1.0, '92': 1.0, '98': 1.0}, 'tackleSuccess': {'93': 100.0, '54': 0.0, '92': 0.0, '98': 0.0}, 'dribbledPast': {'54': 1.0, '92': 1.0, '98': 1.0}, 'dribblesWon': {'96': 2.0}, 'dribblesAttempted': {'96': 2.0, '29': 1.0, '89': 1.0}, 'dribblesLost': {'29': 1.0, '89': 1.0}, 'dribbleSuccess': {'96': 100.0, '29': 0.0, '89': 0.0}, 'dispossessed': {'6': 1.0, '24': 1.0, '78': 1.0}}",,,,,,,63
9,80241,7,Antoine Griezmann,AMC,176,73,33,True,False,away,"{'possession': {'0': 2.0, '1': 1.0, '4': 2.0, '5': 1.0, '14': 1.0, '15': 3.0, '19': 1.0, '26': 1.0, '27': 1.0, '28': 2.0, '34': 1.0, '38': 1.0, '39': 1.0, '45': 1.0, '52': 3.0, '56': 2.0, '57': 1.0, '65': 3.0, '66': 2.0, '67': 2.0, '70': 1.0, '74': 1.0, '75': 3.0, '77': 1.0, '78': 1.0, '79': 2.0, '80': 1.0, '81': 1.0}, 'ratings': {'0': 5.99, '1': 5.99, '3': 5.96, '4': 5.9, '5': 5.89, '14': 5.9, '15': 5.9, '17': 5.8, '19': 6.19, '26': 6.19, '27': 6.19, '28': 6.19, '34': 6.2, '36': 6.1, '38': 6.09, '39': 6.08, '41': 6.25, '45': 6.25, '49': 6.38, '52': 6.39, '56': 6.43, '57': 6.43, '59': 6.4, '65': 6.49, '66': 6.48, '67': 6.48, '70': 6.48, '73': 6.45, '74': 6.45, '75': 6.45, '77': 6.45, '78': 6.45, '79': 6.46, '80': 6.46, '81': 6.55}, 'shotsTotal': {'41': 1.0}, 'shotsOnTarget': {'41': 1.0}, 'touches': {'0': 2.0, '1': 1.0, '3': 1.0, '4': 4.0, '5': 1.0, '14': 1.0, '15': 3.0, '19': 1.0, '26': 1.0, '27': 1.0, '28': 2.0, '34': 1.0, '38': 1.0, '39': 1.0, '41': 1.0, '45': 1.0, '52': 3.0, '56': 3.0, '57': 1.0, '65': 3.0, '66': 2.0, '67': 2.0, '70': 1.0, '74': 1.0, '75': 3.0, '77': 1.0, '78': 1.0, '79': 2.0, '80': 1.0, '81': 1.0}, 'passesTotal': {'0': 2.0, '1': 1.0, '4': 2.0, '14': 1.0, '15': 2.0, '19': 1.0, '26': 1.0, '27': 1.0, '28': 2.0, '34': 1.0, '45': 1.0, '52': 3.0, '56': 2.0, '57': 1.0, '65': 2.0, '66': 1.0, '67': 2.0, '70': 1.0, '74': 1.0, '75': 3.0, '77': 1.0, '78': 1.0, '79': 2.0, '80': 1.0, '5': 1.0, '38': 1.0, '39': 1.0}, 'passesAccurate': {'0': 1.0, '1': 1.0, '4': 2.0, '14': 1.0, '15': 2.0, '19': 1.0, '26': 1.0, '27': 1.0, '28': 2.0, '34': 1.0, '45': 1.0, '52': 3.0, '56': 2.0, '57': 1.0, '65': 2.0, '66': 1.0, '67': 1.0, '70': 1.0, '74': 1.0, '75': 2.0, '77': 1.0, '78': 1.0, '79': 2.0, '80': 1.0}, 'passesKey': {'19': 1.0}, 'passSuccess': {'0': 50.0, '1': 100.0, '4': 100.0, '14': 100.0, '15': 100.0, '19': 100.0, '26': 100.0, '27': 100.0, '28': 100.0, '34': 100.0, '45': 100.0, '52': 100.0, '56': 100.0, '57': 100.0, '65': 100.0, '66': 100.0, '67': 50.0, '70': 100.0, '74': 100.0, '75': 66.67, '77': 100.0, '78': 100.0, '79': 100.0, '80': 100.0, '5': 0.0, '38': 0.0, '39': 0.0}, 'cornersAccurate': {'65': 1.0, '81': 1.0}, 'tacklesTotal': {'59': 1.0, '73': 1.0}, 'tackleUnsuccesful': {'59': 1.0, '73': 1.0}, 'dribbledPast': {'59': 1.0, '73': 1.0}, 'dispossessed': {'4': 2.0}}",365409.0,"{'value': 2, 'displayName': 'SecondHalf'}",83.0,,,,63
10,302497,9,Alexander Sørloth,FW,195,90,29,True,False,away,"{'possession': {'0': 2.0, '1': 1.0, '4': 1.0, '6': 1.0, '14': 1.0, '19': 1.0, '34': 1.0, '37': 1.0, '41': 1.0}, 'ratings': {'0': 5.99, '1': 5.99, '3': 6.04, '4': 6.04, '6': 6.04, '14': 6.04, '17': 5.97, '19': 6.17, '34': 6.26, '36': 6.19, '37': 6.19, '41': 6.19, '49': 7.28}, 'shotsTotal': {'49': 1.0}, 'shotsOnTarget': {'49': 1.0}, 'touches': {'0': 2.0, '1': 1.0, '3': 2.0, '4': 1.0, '6': 1.0, '14': 1.0, '19': 1.0, '23': 1.0, '34': 1.0, '37': 1.0, '41': 2.0, '49': 1.0}, 'passesTotal': {'0': 2.0, '4': 1.0, '6': 1.0, '19': 1.0, '34': 1.0, '37': 1.0, '41': 1.0, '1': 1.0, '14': 1.0}, 'passesAccurate': {'0': 1.0, '4': 1.0, '6': 1.0, '19': 1.0, '34': 1.0, '37': 1.0, '41': 1.0}, 'passSuccess': {'0': 50.0, '4': 100.0, '6': 100.0, '19': 100.0, '34': 100.0, '37': 100.0, '41': 100.0, '1': 0.0, '14': 0.0}, 'aerialsTotal': {'34': 1.0, '49': 1.0}, 'aerialsWon': {'34': 1.0, '49': 1.0}, 'offensiveAerials': {'49': 1.0}, 'defensiveAerials': {'34': 1.0}, 'tacklesTotal': {'3': 1.0}, 'tackleSuccessful': {'3': 1.0}, 'tackleSuccess': {'3': 100.0}, 'dispossessed': {'3': 1.0}}",127604.0,"{'value': 2, 'displayName': 'SecondHalf'}",51.0,,,,63
11,125547,5,Rodrigo De Paul,Sub,180,70,30,,False,away,"{'possession': {'70': 1.0, '72': 2.0, '73': 2.0, '74': 4.0, '75': 2.0, '78': 3.0, '79': 1.0, '80': 3.0, '85': 2.0, '90': 2.0, '92': 1.0, '93': 1.0, '94': 1.0, '95': 2.0, '100': 2.0}, 'ratings': {'69': 6.0, '70': 6.0, '72': 6.0, '73': 5.97, '74': 5.98, '75': 5.98, '78': 5.98, '79': 5.99, '80': 6.08, '85': 6.08, '90': 6.17, '92': 6.18, '93': 6.18, '94': 6.18, '95': 6.18, '100': 6.18}, 'touches': {'69': 1.0, '70': 1.0, '72': 2.0, '73': 3.0, '74': 4.0, '75': 2.0, '78': 3.0, '79': 1.0, '80': 3.0, '85': 2.0, '90': 2.0, '92': 1.0, '93': 1.0, '94': 1.0, '95': 2.0, '100': 2.0}, 'passesTotal': {'70': 1.0, '72': 2.0, '73': 2.0, '74': 4.0, '75': 2.0, '78': 3.0, '79': 1.0, '80': 3.0, '85': 2.0, '90': 2.0, '92': 1.0, '93': 1.0, '94': 1.0, '95': 2.0, '100': 2.0}, 'passesAccurate': {'70': 1.0, '72': 1.0, '73': 2.0, '74': 4.0, '75': 1.0, '78': 3.0, '79': 1.0, '80': 3.0, '85': 1.0, '90': 2.0, '92': 1.0, '93': 1.0, '94': 1.0, '95': 2.0, '100': 1.0}, 'passesKey': {'80': 1.0, '90': 1.0}, 'passSuccess': {'70': 100.0, '72': 50.0, '73': 100.0, '74': 100.0, '75': 50.0, '78': 100.0, '79': 100.0, '80': 100.0, '85': 50.0, '90': 100.0, '92': 100.0, '93': 100.0, '94': 100.0, '95': 100.0, '100': 50.0}, 'throwInsTotal': {'69': 1.0}, 'throwInsAccurate': {'69': 1.0}}",,,,"{'value': 2, 'displayName': 'SecondHalf'}",69.0,80764.0,63
12,127604,10,Ángel Correa,Sub,171,68,29,,False,away,"{'possession': {'51': 1.0, '54': 1.0, '67': 3.0, '72': 1.0, '74': 1.0, '78': 3.0, '90': 1.0}, 'ratings': {'51': 6.0, '53': 5.97, '54': 6.11, '67': 6.2, '71': 6.17, '72': 6.1, '74': 6.1, '78': 6.35, '80': 6.52, '90': 6.52}, 'shotsTotal': {'80': 1.0}, 'shotsBlocked': {'80': 1.0}, 'touches': {'51': 1.0, '54': 3.0, '56': 1.0, '67': 3.0, '71': 1.0, '72': 2.0, '74': 1.0, '78': 6.0, '80': 2.0, '90': 1.0}, 'passesTotal': {'51': 1.0, '54': 1.0, '67': 3.0, '74': 1.0, '78': 3.0, '90': 1.0, '72': 1.0}, 'passesAccurate': {'51': 1.0, '54': 1.0, '67': 3.0, '74': 1.0, '78': 2.0, '90': 1.0}, 'passesKey': {'67': 1.0}, 'passSuccess': {'51': 100.0, '54': 100.0, '67': 100.0, '74': 100.0, '78': 66.67, '90': 100.0, '72': 0.0}, 'cornersTotal': {'81': 1.0}, 'tacklesTotal': {'78': 1.0, '53': 1.0, '72': 1.0}, 'tackleSuccessful': {'78': 1.0}, 'tackleUnsuccesful': {'53': 1.0, '72': 1.0}, 'tackleSuccess': {'78': 100.0, '53': 0.0, '72': 0.0}, 'dribbledPast': {'53': 1.0, '72': 1.0}, 'dribblesWon': {'54': 1.0, '78': 1.0, '80': 1.0}, 'dribblesAttempted': {'54': 1.0, '78': 1.0, '80': 1.0}, 'dribbleSuccess': {'54': 100.0, '78': 100.0, '80': 100.0}}",,,,"{'value': 2, 'displayName': 'SecondHalf'}",51.0,302497.0,63
13,303728,16,Nahuel Molina,Sub,175,70,26,,False,away,"{'possession': {'59': 1.0, '64': 4.0, '65': 2.0, '67': 2.0, '70': 3.0, '71': 1.0, '73': 3.0, '75': 2.0, '77': 1.0, '79': 2.0, '80': 3.0, '89': 1.0, '90': 1.0, '91': 1.0, '93': 1.0, '94': 3.0, '95': 1.0, '98': 2.0}, 'ratings': {'59': 5.99, '62': 6.12, '64': 6.13, '65': 6.13, '67': 6.13, '70': 6.14, '71': 6.13, '73': 6.14, '75': 6.15, '77': 6.15, '79': 6.14, '80': 6.15, '89': 6.15, '90': 6.3, '91': 6.29, '93': 6.28, '94': 6.29, '95': 6.3, '98': 6.28}, 'touches': {'59': 2.0, '62': 1.0, '64': 5.0, '65': 2.0, '67': 2.0, '70': 3.0, '71': 2.0, '73': 3.0, '75': 2.0, '77': 1.0, '79': 2.0, '80': 3.0, '84': 1.0, '89': 1.0, '90': 2.0, '91': 2.0, '93': 2.0, '94': 4.0, '95': 1.0, '98': 2.0}, 'passesTotal': {'64': 4.0, '65': 1.0, '67': 2.0, '70': 3.0, '73': 3.0, '75': 2.0, '77': 1.0, '79': 1.0, '80': 3.0, '89': 1.0, '90': 1.0, '94': 3.0, '95': 1.0, '98': 2.0, '59': 1.0, '91': 1.0, '93': 1.0}, 'passesAccurate': {'64': 4.0, '65': 1.0, '67': 2.0, '70': 3.0, '73': 3.0, '75': 2.0, '77': 1.0, '79': 1.0, '80': 3.0, '89': 1.0, '90': 1.0, '94': 3.0, '95': 1.0, '98': 1.0}, 'passSuccess': {'64': 100.0, '65': 100.0, '67': 100.0, '70': 100.0, '73': 100.0, '75': 100.0, '77': 100.0, '79': 100.0, '80': 100.0, '89': 100.0, '90': 100.0, '94': 100.0, '95': 100.0, '98': 50.0, '59': 0.0, '91': 0.0, '93': 0.0}, 'cornersTotal': {'65': 1.0}, 'throwInsTotal': {'71': 1.0, '84': 1.0, '93': 1.0, '94': 1.0}, 'throwInsAccurate': {'71': 1.0, '84': 1.0, '93': 1.0, '94': 1.0}, 'tacklesTotal': {'62': 1.0, '90': 1.0}, 'tackleSuccessful': {'62': 1.0, '90': 1.0}, 'tackleSuccess': {'62': 100.0, '90': 100.0}}",,,,"{'value': 2, 'displayName': 'SecondHalf'}",59.0,361812.0,63
14,365409,19,Julián Alvarez,Sub,170,71,25,,False,away,"{'possession': {'90': 1.0, '93': 1.0}, 'ratings': {'83': 6.0, '85': 5.98, '90': 5.99, '91': 5.97, '93': 5.98}, 'touches': {'90': 1.0, '93': 1.0, '100': 1.0}, 'passesTotal': {'90': 1.0, '93': 1.0}, 'passesAccurate': {'90': 1.0, '93': 1.0}, 'passSuccess': {'90': 100.0, '93': 100.0}, 'foulsCommited': {'85': 1.0, '91': 1.0}}",,,,"{'value': 2, 'displayName': 'SecondHalf'}",83.0,80241.0,63
15,135914,2,José María Giménez,Sub,185,77,30,,False,away,"{'possession': {'51': 1.0, '52': 2.0, '56': 3.0, '57': 2.0, '63': 1.0, '64': 3.0, '65': 1.0, '69': 1.0, '70': 2.0, '71': 2.0, '73': 1.0, '75': 2.0, '77': 2.0, '78': 2.0, '81': 1.0, '84': 2.0, '85': 1.0, '89': 3.0, '93': 2.0, '94': 2.0, '95': 3.0, '97': 1.0, '100': 2.0}, 'ratings': {'51': 6.01, '52': 6.02, '54': 6.07, '56': 6.07, '57': 6.08, '60': 6.06, '63': 6.07, '64': 6.09, '65': 6.16, '69': 6.16, '70': 6.17, '71': 6.17, '73': 6.18, '75': 6.18, '77': 6.19, '78': 6.2, '81': 6.27, '84': 6.28, '85': 6.28, '88': 6.33, '89': 6.33, '93': 6.34, '94': 6.34, '95': 6.34, '97': 6.33, '100': 6.34}, 'clearances': {'54': 1.0, '88': 1.0}, 'touches': {'51': 1.0, '52': 2.0, '54': 1.0, '56': 3.0, '57': 2.0, '63': 1.0, '64': 3.0, '65': 1.0, '69': 1.0, '70': 2.0, '71': 2.0, '73': 1.0, '75': 2.0, '77': 2.0, '78': 3.0, '81': 1.0, '84': 2.0, '85': 1.0, '88': 1.0, '89': 3.0, '93': 2.0, '94': 2.0, '95': 3.0, '97': 1.0, '100': 2.0}, 'passesTotal': {'51': 1.0, '52': 2.0, '56': 3.0, '57': 2.0, '63': 1.0, '64': 3.0, '69': 1.0, '70': 2.0, '71': 2.0, '73': 1.0, '75': 2.0, '77': 2.0, '78': 2.0, '84': 2.0, '85': 1.0, '89': 3.0, '93': 2.0, '94': 2.0, '95': 3.0, '97': 1.0, '100': 2.0, '65': 1.0, '81': 1.0}, 'passesAccurate': {'51': 1.0, '52': 2.0, '56': 3.0, '57': 2.0, '63': 1.0, '64': 3.0, '69': 1.0, '70': 2.0, '71': 2.0, '73': 1.0, '75': 2.0, '77': 2.0, '78': 2.0, '84': 2.0, '85': 1.0, '89': 3.0, '93': 2.0, '94': 2.0, '95': 3.0, '97': 1.0, '100': 2.0}, 'passSuccess': {'51': 100.0, '52': 100.0, '56': 100.0, '57': 100.0, '63': 100.0, '64': 100.0, '69': 100.0, '70': 100.0, '71': 100.0, '73': 100.0, '75': 100.0, '77': 100.0, '78': 100.0, '84': 100.0, '85': 100.0, '89': 100.0, '93': 100.0, '94': 100.0, '95': 100.0, '97': 100.0, '100': 100.0, '65': 0.0, '81': 0.0}, 'aerialsTotal': {'65': 1.0, '81': 1.0, '97': 1.0}, 'aerialsWon': {'65': 1.0, '81': 1.0}, 'aerialSuccess': {'97': 0.0}, 'offensiveAerials': {'65': 1.0, '81': 1.0}, 'defensiveAerials': {'97': 1.0}, 'foulsCommited': {'60': 1.0}}",,,,"{'value': 2, 'displayName': 'SecondHalf'}",51.0,25191.0,63
16,422918,22,Giuliano Simeone,Sub,173,75,22,,False,away,{},,,,,,,63
17,445430,18,Arthur Vermeeren,Sub,180,76,20,,False,away,{},,,,,,,63
18,409401,1,Horatiu Moldovan,Sub,189,72,27,,False,away,{},,,,,,,63
19,369497,15,Javi Galán,Sub,172,70,30,,False,away,{},,,,,,,63
20,382631,17,Rodrigo Riquelme,Sub,174,66,24,,False,away,{},,,,,,,63
21,433107,31,Antonio Gomis,Sub,186,80,21,,False,away,{},,,,,,,63
22,468759,27,Ilias Kostis,Sub,188,81,21,,False,away,{},,,,,,,63
